{"v":"5.6.6","ip":0,"op":160,"fr":60,"w":220,"h":375,"layers":[{"ind":5037,"nm":"surface24205","ao":0,"ip":0,"op":264,"st":0,"ty":4,"ks":{"ty":"tr","o":{"k":100},"r":{"k":0},"p":{"k":[0,0]},"a":{"k":[0,0]},"s":{"k":[133.58,133.27]},"sk":{"k":0},"sa":{"k":0}},"shapes":[{"ty":"gr","hd":false,"nm":"surface24205","it":[{"ty":"gr","hd":false,"it":[{"ty":"gr","hd":false,"it":[{"ty":"sh","ks":{"k":{"i":[[0,0],[0,0],[0,0],[0,0],[6.11,3.94],[-28.11,78.11],[-6.92,21.58],[0,0]],"o":[[0,0],[0,0],[0,0],[-134.98,187.51],[-4.48,-2.89],[12.88,-35.82],[0,0],[0,0]],"v":[[265.74,213],[397.64,213],[321.9,346.22],[381.29,346.22],[202,570.89],[239.32,463.34],[269.11,375.76],[221.11,375.76]],"c":true}}},{"ty":"st","lc":1,"lj":1,"ml":4,"o":{"k":100},"w":{"k":17},"c":{"k":[0,0,0,1]},"hd":false},{"ty":"tr","o":{"k":100},"r":{"k":0},"p":{"k":[-144.5,-153.34]},"a":{"k":[0,0]},"s":{"k":[75,75]},"sk":{"k":0},"sa":{"k":0},"hd":false}]},{"ty":"tr","o":{"k":100},"r":{"k":0},"p":{"k":[0,0]},"a":{"k":[0,0]},"s":{"k":[100,100]},"sk":{"k":0},"sa":{"k":0},"hd":false}]},{"ty":"gr","hd":false,"it":[{"ty":"sh","ks":{"k":{"i":[[0,0],[0,0],[0,0],[0,0],[4.58,2.95],[-21.08,58.59],[-5.19,16.18],[0,0]],"o":[[0,0],[0,0],[0,0],[-101.23,140.63],[-3.36,-2.17],[9.66,-26.86],[0,0],[0,0]],"v":[[54.81,6.41],[153.73,6.41],[96.93,106.32],[141.47,106.32],[7,274.82],[34.99,194.16],[57.34,128.48],[21.34,128.48]],"c":true}}},{"ty":"fl","o":{"a":1,"k":[{"i":{"x":[0.67],"y":[1]},"o":{"x":[0.33],"y":[0]},"t":59,"s":[0]},{"t":109,"s":[100]}],"ix":5},"c":{"k":[0.91,0.27,0.98,1]}},{"ty":"tr","o":{"k":100},"r":{"k":0},"p":{"k":[0,0]},"a":{"k":[0,0]},"s":{"k":[100,100]},"sk":{"k":0},"sa":{"k":0},"hd":false}]},{"ty":"tr","o":{"k":100},"r":{"k":0},"p":{"k":[0,0]},"a":{"k":[0,0]},"s":{"k":[100,100]},"sk":{"k":0},"sa":{"k":0},"hd":false}]},{"ty":"tm","s":{"a":0,"k":0,"ix":1},"e":{"a":1,"k":[{"i":{"x":[0.27],"y":[1]},"o":{"x":[0.5],"y":[0]},"t":0,"s":[0]},{"t":66,"s":[100]}],"ix":2},"o":{"a":0,"k":0,"ix":3},"m":1,"ix":2,"hd":false}]}],"meta":{"g":"LF SVG to Lottie"}}