{"v":"5.6.3","fr":59.9599456787109,"ip":0,"op":301.999726400445,"w":348,"h":348,"nm":"side status","ddd":0,"assets":[{"id":"image_0","w":348,"h":348,"u":"images/","p":"img_0.png","e":0},{"id":"image_1","w":800,"h":450,"u":"images/","p":"img_1.webp","e":0}],"layers":[{"ddd":0,"ind":1,"ty":2,"nm":"circle.png","cl":"png","td":1,"refId":"image_0","sr":1,"ks":{"o":{"a":0,"k":100,"ix":11},"r":{"a":0,"k":0,"ix":10},"p":{"a":0,"k":[174,174,0],"ix":2},"a":{"a":0,"k":[174,174,0],"ix":1},"s":{"a":0,"k":[100,100,100],"ix":6}},"ao":0,"ip":0,"op":10816.9902002438,"st":0,"bm":0},{"ddd":0,"ind":2,"ty":2,"nm":"gradient-yellow-orange-linear-5120x2880-c2-ffff00-ff4500-a-120-f-14.jpg","cl":"jpg","tt":1,"refId":"image_1","sr":1,"ks":{"o":{"a":0,"k":100,"ix":11},"r":{"a":1,"k":[{"i":{"x":[0.833],"y":[0.833]},"o":{"x":[0.167],"y":[0.167]},"t":0,"s":[0]},{"t":299.999728212363,"s":[1440]}],"ix":10},"p":{"a":0,"k":[174,174,0],"ix":2},"a":{"a":0,"k":[400,225,0],"ix":1},"s":{"a":0,"k":[82,82,100],"ix":6}},"ao":0,"ip":0,"op":10816.9902002438,"st":0,"bm":0}],"markers":[]}