{"v":"5.6.3","fr":60,"ip":0,"op":560,"w":230,"h":230,"nm":"Comp 1","ddd":1,"assets":[{"id":"comp_0","layers":[{"ddd":0,"ind":1,"ty":0,"nm":"Pre-comp 1","refId":"comp_1","sr":1,"ks":{"o":{"a":0,"k":100,"ix":11},"r":{"a":0,"k":0,"ix":10},"p":{"a":0,"k":[105,105,0],"ix":2},"a":{"a":0,"k":[105,105,0],"ix":1},"s":{"a":0,"k":[100,100,100],"ix":6}},"ao":0,"w":210,"h":210,"ip":0,"op":206,"st":0,"bm":0},{"ddd":0,"ind":2,"ty":0,"nm":"Pre-comp 1","refId":"comp_1","sr":1,"ks":{"o":{"a":0,"k":100,"ix":11},"r":{"a":0,"k":0,"ix":10},"p":{"a":0,"k":[105,105,0],"ix":2},"a":{"a":0,"k":[105,105,0],"ix":1},"s":{"a":0,"k":[100,100,100],"ix":6}},"ao":0,"w":210,"h":210,"ip":206,"op":412,"st":206,"bm":0},{"ddd":0,"ind":3,"ty":0,"nm":"cup in","refId":"comp_3","sr":0.7,"ks":{"o":{"a":0,"k":100,"ix":11},"r":{"a":0,"k":0,"ix":10},"p":{"a":0,"k":[105,105,0],"ix":2},"a":{"a":0,"k":[105,105,0],"ix":1},"s":{"a":0,"k":[100,100,100],"ix":6}},"ao":0,"w":210,"h":210,"ip":0,"op":84,"st":0,"bm":0},{"ddd":0,"ind":4,"ty":0,"nm":"cup_loop","refId":"comp_8","sr":1,"ks":{"o":{"a":0,"k":100,"ix":11},"r":{"a":0,"k":0,"ix":10},"p":{"a":0,"k":[105,105,0],"ix":2},"a":{"a":0,"k":[105,105,0],"ix":1},"s":{"a":0,"k":[100,100,100],"ix":6}},"ao":0,"tm":{"a":1,"k":[{"i":{"x":[0.833],"y":[0.833]},"o":{"x":[0.167],"y":[0.167]},"t":220,"s":[0]},{"t":288,"s":[2]}],"ix":2},"w":210,"h":210,"ip":220,"op":288,"st":220,"bm":0},{"ddd":0,"ind":5,"ty":0,"nm":"cup_loop","refId":"comp_8","sr":1,"ks":{"o":{"a":0,"k":100,"ix":11},"r":{"a":0,"k":0,"ix":10},"p":{"a":0,"k":[105,105,0],"ix":2},"a":{"a":0,"k":[105,105,0],"ix":1},"s":{"a":0,"k":[100,100,100],"ix":6}},"ao":0,"tm":{"a":1,"k":[{"i":{"x":[0.833],"y":[0.833]},"o":{"x":[0.167],"y":[0.167]},"t":152,"s":[0]},{"t":220,"s":[2]}],"ix":2},"w":210,"h":210,"ip":152,"op":220,"st":152,"bm":0},{"ddd":0,"ind":6,"ty":0,"nm":"cup_loop","refId":"comp_8","sr":1,"ks":{"o":{"a":0,"k":100,"ix":11},"r":{"a":0,"k":0,"ix":10},"p":{"a":0,"k":[105,105,0],"ix":2},"a":{"a":0,"k":[105,105,0],"ix":1},"s":{"a":0,"k":[100,100,100],"ix":6}},"ao":0,"tm":{"a":1,"k":[{"i":{"x":[0.833],"y":[0.833]},"o":{"x":[0.167],"y":[0.167]},"t":84,"s":[0]},{"t":152,"s":[2]}],"ix":2},"w":210,"h":210,"ip":84,"op":152,"st":84,"bm":0}]},{"id":"comp_1","layers":[{"ddd":0,"ind":1,"ty":0,"nm":"stars","refId":"comp_2","sr":1,"ks":{"o":{"a":0,"k":100,"ix":11},"r":{"a":0,"k":0,"ix":10},"p":{"a":0,"k":[102.5,84.5,0],"ix":2},"a":{"a":0,"k":[105,105,0],"ix":1},"s":{"a":0,"k":[73,73,100],"ix":6}},"ao":0,"w":210,"h":210,"ip":146,"op":202,"st":146,"bm":0},{"ddd":0,"ind":2,"ty":0,"nm":"stars","refId":"comp_2","sr":1,"ks":{"o":{"a":0,"k":100,"ix":11},"r":{"a":0,"k":0,"ix":10},"p":{"a":0,"k":[183.5,109.5,0],"ix":2},"a":{"a":0,"k":[105,105,0],"ix":1},"s":{"a":0,"k":[48,48,100],"ix":6}},"ao":0,"w":210,"h":210,"ip":58,"op":114,"st":58,"bm":0},{"ddd":0,"ind":3,"ty":0,"nm":"stars","refId":"comp_2","sr":1,"ks":{"o":{"a":0,"k":100,"ix":11},"r":{"a":0,"k":0,"ix":10},"p":{"a":0,"k":[171,96.5,0],"ix":2},"a":{"a":0,"k":[105,105,0],"ix":1},"s":{"a":0,"k":[66,66,100],"ix":6}},"ao":0,"w":210,"h":210,"ip":58,"op":114,"st":58,"bm":0},{"ddd":0,"ind":4,"ty":0,"nm":"stars","refId":"comp_2","sr":1,"ks":{"o":{"a":0,"k":100,"ix":11},"r":{"a":0,"k":0,"ix":10},"p":{"a":0,"k":[34.5,100.5,0],"ix":2},"a":{"a":0,"k":[105,105,0],"ix":1},"s":{"a":0,"k":[66,66,100],"ix":6}},"ao":0,"w":210,"h":210,"ip":0,"op":56,"st":0,"bm":0},{"ddd":0,"ind":5,"ty":0,"nm":"stars","refId":"comp_2","sr":1,"ks":{"o":{"a":0,"k":100,"ix":11},"r":{"a":0,"k":0,"ix":10},"p":{"a":0,"k":[24,103,0],"ix":2},"a":{"a":0,"k":[105,105,0],"ix":1},"s":{"a":0,"k":[42,42,100],"ix":6}},"ao":0,"w":210,"h":210,"ip":0,"op":56,"st":0,"bm":0}]},{"id":"comp_2","layers":[{"ddd":0,"ind":1,"ty":4,"nm":"“白星星”轮廓","sr":1,"ks":{"o":{"a":0,"k":100,"ix":11},"r":{"a":1,"k":[{"i":{"x":[0.833],"y":[0.833]},"o":{"x":[0.167],"y":[0.167]},"t":0,"s":[0]},{"t":52.80078125,"s":[359]}],"ix":10},"p":{"a":0,"k":[106.5,36,0],"ix":2},"a":{"a":0,"k":[32,32,0],"ix":1},"s":{"a":1,"k":[{"i":{"x":[0.833,0.833,0.833],"y":[0.833,0.833,0.833]},"o":{"x":[0.167,0.167,0.167],"y":[0.167,0.167,0.167]},"t":0,"s":[0,0,100]},{"i":{"x":[0.833,0.833,0.833],"y":[0.833,0.833,0.833]},"o":{"x":[0.167,0.167,0.167],"y":[0.167,0.167,0.167]},"t":22,"s":[40,40,100]},{"i":{"x":[0.833,0.833,0.833],"y":[0.833,0.833,0.833]},"o":{"x":[0.167,0.167,0.167],"y":[0.167,0.167,0.167]},"t":32,"s":[30,30,100]},{"t":52,"s":[0,0,100]}],"ix":6}},"ao":0,"shapes":[{"ty":"gr","it":[{"ind":0,"ty":"sh","ix":1,"ks":{"a":0,"k":{"i":[[-0.729,-1.333],[0,0],[-1.797,-0.983],[0,0],[1.332,-0.729],[0,0],[0.959,-1.754],[0,0],[0.729,1.333],[0,0],[2.288,1.251],[0,0],[-1.332,0.729],[0,0],[-0.843,1.541],[0,0]],"o":[[0,0],[0.982,1.797],[0,0],[1.332,0.729],[0,0],[-1.754,0.959],[0,0],[-0.729,1.333],[0,0],[-1.251,-2.288],[0,0],[-1.332,-0.729],[0,0],[1.54,-0.843],[0,0],[0.729,-1.333]],"v":[[1.685,-29.622],[8.997,-13.254],[13.253,-8.997],[29.622,-1.686],[29.622,1.686],[13.188,9.033],[9.033,13.188],[1.685,29.622],[-1.686,29.622],[-8.586,14.005],[-14.006,8.585],[-29.622,1.686],[-29.622,-1.686],[-12.861,-9.212],[-9.211,-12.861],[-1.686,-29.622]],"c":true},"ix":2},"nm":"路径 1","mn":"ADBE Vector Shape - Group","hd":false},{"ty":"fl","c":{"a":0,"k":[0.933333393172,0.776470648074,0.400000029919,1],"ix":4},"o":{"a":0,"k":100,"ix":5},"r":1,"bm":0,"nm":"填充 1","mn":"ADBE Vector Graphic - Fill","hd":false},{"ty":"tr","p":{"a":0,"k":[32.254,31.621],"ix":2},"a":{"a":0,"k":[0,0],"ix":1},"s":{"a":0,"k":[100,100],"ix":3},"r":{"a":0,"k":0,"ix":6},"o":{"a":0,"k":100,"ix":7},"sk":{"a":0,"k":0,"ix":4},"sa":{"a":0,"k":0,"ix":5},"nm":"Transform"}],"nm":"组 1","np":2,"cix":2,"bm":0,"ix":1,"mn":"ADBE Vector Group","hd":false}],"ip":0,"op":56,"st":-60,"bm":0}]},{"id":"comp_3","layers":[{"ddd":0,"ind":1,"ty":4,"nm":"round base 5","td":1,"sr":1,"ks":{"o":{"a":0,"k":100,"ix":11},"r":{"a":0,"k":0,"ix":10},"p":{"a":0,"k":[105,105,0],"ix":2},"a":{"a":0,"k":[0,0,0],"ix":1},"s":{"a":1,"k":[{"i":{"x":[0.005,0.005,0.667],"y":[1.148,1.148,1]},"o":{"x":[0.025,0.025,0.333],"y":[0.49,0.49,0]},"t":0,"s":[0,0,100]},{"t":30,"s":[100,100,100]}],"ix":6}},"ao":0,"shapes":[{"ty":"gr","it":[{"ind":0,"ty":"sh","ix":1,"ks":{"a":0,"k":{"i":[[55.228,0],[0,-55.227],[-55.229,0],[0,55.23]],"o":[[-55.229,0],[0,55.23],[55.228,0],[0,-55.227]],"v":[[66.463,-94.664],[-33.537,5.335],[66.463,105.336],[166.463,5.335]],"c":true},"ix":2},"nm":"Path 1","mn":"ADBE Vector Shape - Group","hd":false},{"ty":"fl","c":{"a":0,"k":[0.2,0.301960784314,0.352941176471,1],"ix":4},"o":{"a":0,"k":100,"ix":5},"r":1,"bm":0,"nm":"Fill 1","mn":"ADBE Vector Graphic - Fill","hd":false},{"ty":"tr","p":{"a":0,"k":[-66.463,-5.334],"ix":2},"a":{"a":0,"k":[0,0],"ix":1},"s":{"a":0,"k":[100,100],"ix":3},"r":{"a":0,"k":0,"ix":6},"o":{"a":0,"k":100,"ix":7},"sk":{"a":0,"k":0,"ix":4},"sa":{"a":0,"k":0,"ix":5},"nm":"Transform"}],"nm":"Path","np":3,"cix":2,"bm":0,"ix":1,"mn":"ADBE Vector Group","hd":false}],"ip":0,"op":120,"st":0,"bm":0},{"ddd":0,"ind":2,"ty":4,"nm":"crown","parent":4,"tt":1,"sr":1,"ks":{"o":{"a":0,"k":100,"ix":11},"r":{"a":0,"k":0,"ix":10},"p":{"s":true,"x":{"a":0,"k":0,"ix":3},"y":{"a":1,"k":[{"i":{"x":[0.667],"y":[1]},"o":{"x":[0.333],"y":[0]},"t":86,"s":[0]},{"i":{"x":[0.36],"y":[1]},"o":{"x":[0.08],"y":[0]},"t":94,"s":[10]},{"t":120,"s":[0]}],"ix":4}},"a":{"a":0,"k":[0,0,0],"ix":1},"s":{"a":0,"k":[100,100,100],"ix":6}},"ao":0,"shapes":[{"ty":"gr","it":[{"ind":0,"ty":"sh","ix":1,"ks":{"a":0,"k":{"i":[[-0.982,-1.285],[0,0],[-0.118,0],[0,0],[0,0],[0,-1.8],[0,0],[1.105,0],[0,0],[0,1.104],[0,0]],"o":[[0,0],[0,0],[0.139,0],[0,0],[0.748,-0.68],[0,0],[0,1.104],[0,0],[-1.105,0],[0,0],[0,-1.104]],"v":[[52.463,-11.727],[59.398,-4.664],[66.43,-12.665],[73.568,-4.664],[80.463,-11.915],[82.463,-11.665],[80.463,5.335],[78.463,7.335],[54.463,7.335],[52.463,5.335],[50.463,-11.79]],"c":true},"ix":2},"nm":"Path 1","mn":"ADBE Vector Shape - Group","hd":false},{"ind":1,"ty":"sh","ix":2,"ks":{"a":0,"k":{"i":[[-1.105,0],[0,0],[0,-1.105],[1.105,0],[0,0],[0,1.105]],"o":[[0,0],[1.105,0],[0,1.105],[0,0],[-1.105,0],[0,-1.105]],"v":[[54.463,11.334],[78.463,11.334],[80.463,13.334],[78.463,15.334],[54.463,15.334],[52.463,13.334]],"c":true},"ix":2},"nm":"Path 2","mn":"ADBE Vector Shape - Group","hd":false},{"ty":"fl","c":{"a":0,"k":[0.988235294118,0.898039215686,0.674509803922,1],"ix":4},"o":{"a":0,"k":100,"ix":5},"r":1,"bm":0,"nm":"Fill 1","mn":"ADBE Vector Graphic - Fill","hd":false},{"ty":"tr","p":{"a":0,"k":[-66.463,-5.334],"ix":2},"a":{"a":0,"k":[0,0],"ix":1},"s":{"a":0,"k":[100,100],"ix":3},"r":{"a":0,"k":0,"ix":6},"o":{"a":0,"k":100,"ix":7},"sk":{"a":0,"k":0,"ix":4},"sa":{"a":0,"k":0,"ix":5},"nm":"Transform"}],"nm":"Path","np":4,"cix":2,"bm":0,"ix":1,"mn":"ADBE Vector Group","hd":false}],"ip":0,"op":120,"st":0,"bm":0},{"ddd":0,"ind":3,"ty":4,"nm":"round base 4","td":1,"sr":1,"ks":{"o":{"a":0,"k":100,"ix":11},"r":{"a":0,"k":0,"ix":10},"p":{"a":0,"k":[105,105,0],"ix":2},"a":{"a":0,"k":[0,0,0],"ix":1},"s":{"a":1,"k":[{"i":{"x":[0.005,0.005,0.667],"y":[1.148,1.148,1]},"o":{"x":[0.025,0.025,0.333],"y":[0.49,0.49,0]},"t":0,"s":[0,0,100]},{"t":30,"s":[100,100,100]}],"ix":6}},"ao":0,"shapes":[{"ty":"gr","it":[{"ind":0,"ty":"sh","ix":1,"ks":{"a":0,"k":{"i":[[55.228,0],[0,-55.227],[-55.229,0],[0,55.23]],"o":[[-55.229,0],[0,55.23],[55.228,0],[0,-55.227]],"v":[[66.463,-94.664],[-33.537,5.335],[66.463,105.336],[166.463,5.335]],"c":true},"ix":2},"nm":"Path 1","mn":"ADBE Vector Shape - Group","hd":false},{"ty":"fl","c":{"a":0,"k":[0.2,0.301960784314,0.352941176471,1],"ix":4},"o":{"a":0,"k":100,"ix":5},"r":1,"bm":0,"nm":"Fill 1","mn":"ADBE Vector Graphic - Fill","hd":false},{"ty":"tr","p":{"a":0,"k":[-66.463,-5.334],"ix":2},"a":{"a":0,"k":[0,0],"ix":1},"s":{"a":0,"k":[100,100],"ix":3},"r":{"a":0,"k":0,"ix":6},"o":{"a":0,"k":100,"ix":7},"sk":{"a":0,"k":0,"ix":4},"sa":{"a":0,"k":0,"ix":5},"nm":"Transform"}],"nm":"Path","np":3,"cix":2,"bm":0,"ix":1,"mn":"ADBE Vector Group","hd":false}],"ip":0,"op":120,"st":0,"bm":0},{"ddd":0,"ind":4,"ty":4,"nm":"body","parent":10,"tt":1,"sr":1,"ks":{"o":{"a":0,"k":100,"ix":11},"r":{"a":1,"k":[{"i":{"x":[0.687],"y":[-0.224]},"o":{"x":[0.451],"y":[0]},"t":58,"s":[7]},{"i":{"x":[0.344],"y":[1]},"o":{"x":[0.309],"y":[0.378]},"t":86,"s":[0]},{"i":{"x":[0.225],"y":[1]},"o":{"x":[0.412],"y":[0]},"t":96,"s":[-8]},{"t":120,"s":[0]}],"ix":10},"p":{"s":true,"x":{"a":0,"k":105,"ix":3},"y":{"a":1,"k":[{"i":{"x":[1],"y":[1]},"o":{"x":[0.617],"y":[0]},"t":58,"s":[-65]},{"t":86,"s":[151]}],"ix":4}},"a":{"a":0,"k":[0,46,0],"ix":1},"s":{"a":0,"k":[100,100,100],"ix":6}},"ao":0,"shapes":[{"ty":"gr","it":[{"ind":0,"ty":"sh","ix":1,"ks":{"a":0,"k":{"i":[[5.523,0],[0,0],[0,-5.522],[0,0],[-23.196,0],[0,23.372],[0,0]],"o":[[0,0],[-5.523,0],[0,0],[0,23.372],[23.196,0],[0,0],[0,-5.522]],"v":[[98.463,-40.666],[34.463,-40.666],[24.463,-30.666],[24.463,9.015],[66.463,51.334],[108.463,9.015],[108.463,-30.666]],"c":true},"ix":2},"nm":"Path 1","mn":"ADBE Vector Shape - Group","hd":false},{"ty":"fl","c":{"a":0,"k":[0.933333333333,0.776470588235,0.4,1],"ix":4},"o":{"a":0,"k":100,"ix":5},"r":1,"bm":0,"nm":"Fill 1","mn":"ADBE Vector Graphic - Fill","hd":false},{"ty":"tr","p":{"a":0,"k":[-66.463,-5.334],"ix":2},"a":{"a":0,"k":[0,0],"ix":1},"s":{"a":0,"k":[100,100],"ix":3},"r":{"a":0,"k":0,"ix":6},"o":{"a":0,"k":100,"ix":7},"sk":{"a":0,"k":0,"ix":4},"sa":{"a":0,"k":0,"ix":5},"nm":"Transform"}],"nm":"Path","np":3,"cix":2,"bm":0,"ix":1,"mn":"ADBE Vector Group","hd":false}],"ip":0,"op":120,"st":0,"bm":0},{"ddd":0,"ind":5,"ty":4,"nm":"base 2","parent":6,"td":1,"sr":1,"ks":{"o":{"a":0,"k":100,"ix":11},"r":{"a":0,"k":0,"ix":10},"p":{"s":true,"x":{"a":0,"k":0,"ix":3},"y":{"a":1,"k":[{"i":{"x":[0.312],"y":[1]},"o":{"x":[0],"y":[0]},"t":0,"s":[22]},{"t":20,"s":[0]}],"ix":4}},"a":{"a":0,"k":[0,0,0],"ix":1},"s":{"a":0,"k":[100,100,100],"ix":6}},"ao":0,"shapes":[{"ty":"gr","it":[{"ind":0,"ty":"sh","ix":1,"ks":{"a":0,"k":{"i":[[-3.314,0],[0,0],[0,-3.314],[0,0],[3.314,0],[0,0],[0,3.313],[0,0]],"o":[[0,0],[3.314,0],[0,0],[0,3.313],[0,0],[-3.314,0],[0,0],[0,-3.314]],"v":[[26.463,85.334],[106.463,85.334],[112.463,91.334],[112.463,99.334],[106.463,105.334],[26.463,105.334],[20.463,99.334],[20.463,91.334]],"c":true},"ix":2},"nm":"Path 1","mn":"ADBE Vector Shape - Group","hd":false},{"ty":"fl","c":{"a":0,"k":[0.894117647059,0.905882352941,0.905882352941,1],"ix":4},"o":{"a":0,"k":100,"ix":5},"r":1,"bm":0,"nm":"Fill 1","mn":"ADBE Vector Graphic - Fill","hd":false},{"ty":"tr","p":{"a":0,"k":[-66.463,-5.334],"ix":2},"a":{"a":0,"k":[0,0],"ix":1},"s":{"a":0,"k":[100,100],"ix":3},"r":{"a":0,"k":0,"ix":6},"o":{"a":0,"k":100,"ix":7},"sk":{"a":0,"k":0,"ix":4},"sa":{"a":0,"k":0,"ix":5},"nm":"Transform"}],"nm":"Path","np":3,"cix":2,"bm":0,"ix":1,"mn":"ADBE Vector Group","hd":false}],"ip":0,"op":120,"st":0,"bm":0},{"ddd":0,"ind":6,"ty":4,"nm":"base","tt":1,"sr":1,"ks":{"o":{"a":0,"k":100,"ix":11},"r":{"a":1,"k":[{"i":{"x":[0.371],"y":[1]},"o":{"x":[0],"y":[0]},"t":12,"s":[2]},{"i":{"x":[0.833],"y":[1]},"o":{"x":[0.333],"y":[0]},"t":30,"s":[-1]},{"t":38,"s":[0]}],"ix":10},"p":{"s":true,"x":{"a":0,"k":105,"ix":3},"y":{"a":1,"k":[{"i":{"x":[0.486],"y":[1]},"o":{"x":[0],"y":[0]},"t":0,"s":[195.002]},{"i":{"x":[0.35],"y":[1]},"o":{"x":[0.19],"y":[0]},"t":14,"s":[205.002]},{"i":{"x":[1],"y":[1]},"o":{"x":[0.6],"y":[0]},"t":24,"s":[204]},{"i":{"x":[0.833],"y":[1]},"o":{"x":[0.167],"y":[0]},"t":32,"s":[205.002]},{"i":{"x":[0.833],"y":[1]},"o":{"x":[0.167],"y":[0]},"t":86,"s":[205.002]},{"i":{"x":[0.833],"y":[1]},"o":{"x":[0.167],"y":[0]},"t":90,"s":[209.002]},{"t":102,"s":[205.002]}],"ix":4}},"a":{"a":0,"k":[0,100.002,0],"ix":1},"s":{"a":0,"k":[100,100,100],"ix":6}},"ao":0,"shapes":[{"ty":"gr","it":[{"ind":0,"ty":"sh","ix":1,"ks":{"a":0,"k":{"i":[[-3.314,0],[0,0],[0,-3.314],[0,0],[3.314,0],[0,0],[0,3.313],[0,0]],"o":[[0,0],[3.314,0],[0,0],[0,3.313],[0,0],[-3.314,0],[0,0],[0,-3.314]],"v":[[26.463,85.334],[106.463,85.334],[112.463,91.334],[112.463,99.334],[106.463,105.334],[26.463,105.334],[20.463,99.334],[20.463,91.334]],"c":true},"ix":2},"nm":"Path 1","mn":"ADBE Vector Shape - Group","hd":false},{"ty":"fl","c":{"a":0,"k":[0.894117647059,0.905882352941,0.905882352941,1],"ix":4},"o":{"a":0,"k":100,"ix":5},"r":1,"bm":0,"nm":"Fill 1","mn":"ADBE Vector Graphic - Fill","hd":false},{"ty":"tr","p":{"a":0,"k":[-66.463,-5.334],"ix":2},"a":{"a":0,"k":[0,0],"ix":1},"s":{"a":0,"k":[100,100],"ix":3},"r":{"a":0,"k":0,"ix":6},"o":{"a":0,"k":100,"ix":7},"sk":{"a":0,"k":0,"ix":4},"sa":{"a":0,"k":0,"ix":5},"nm":"Transform"}],"nm":"Path","np":3,"cix":2,"bm":0,"ix":1,"mn":"ADBE Vector Group","hd":false}],"ip":0,"op":120,"st":0,"bm":0},{"ddd":0,"ind":7,"ty":0,"nm":"layer1","parent":6,"refId":"comp_4","sr":1,"ks":{"o":{"a":0,"k":100,"ix":11},"r":{"a":0,"k":0,"ix":10},"p":{"s":true,"x":{"a":0,"k":0,"ix":3},"y":{"a":1,"k":[{"i":{"x":[0.48],"y":[1]},"o":{"x":[0.552],"y":[0]},"t":30,"s":[9]},{"t":60,"s":[0]}],"ix":4}},"a":{"a":0,"k":[105,105,0],"ix":1},"s":{"a":0,"k":[100,100,100],"ix":6}},"ao":0,"w":210,"h":210,"ip":30,"op":39600,"st":0,"bm":0},{"ddd":0,"ind":8,"ty":0,"nm":"layer","parent":7,"refId":"comp_5","sr":1,"ks":{"o":{"a":0,"k":100,"ix":11},"r":{"a":0,"k":0,"ix":10},"p":{"s":true,"x":{"a":0,"k":105,"ix":3},"y":{"a":1,"k":[{"i":{"x":[0.422],"y":[1]},"o":{"x":[0.646],"y":[0]},"t":46,"s":[115]},{"t":72,"s":[105]}],"ix":4}},"a":{"a":0,"k":[105,105,0],"ix":1},"s":{"a":0,"k":[100,100,100],"ix":6}},"ao":0,"w":210,"h":210,"ip":46,"op":39600,"st":0,"bm":0},{"ddd":0,"ind":9,"ty":4,"nm":"round base 2","td":1,"sr":1,"ks":{"o":{"a":0,"k":100,"ix":11},"r":{"a":0,"k":0,"ix":10},"p":{"a":0,"k":[105,105,0],"ix":2},"a":{"a":0,"k":[0,0,0],"ix":1},"s":{"a":1,"k":[{"i":{"x":[0.005,0.005,0.667],"y":[1.148,1.148,1]},"o":{"x":[0.025,0.025,0.333],"y":[0.49,0.49,0]},"t":0,"s":[0,0,100]},{"t":30,"s":[100,100,100]}],"ix":6}},"ao":0,"shapes":[{"ty":"gr","it":[{"ind":0,"ty":"sh","ix":1,"ks":{"a":0,"k":{"i":[[55.228,0],[0,-55.227],[-55.229,0],[0,55.23]],"o":[[-55.229,0],[0,55.23],[55.228,0],[0,-55.227]],"v":[[66.463,-94.664],[-33.537,5.335],[66.463,105.336],[166.463,5.335]],"c":true},"ix":2},"nm":"Path 1","mn":"ADBE Vector Shape - Group","hd":false},{"ty":"fl","c":{"a":0,"k":[0.2,0.301960784314,0.352941176471,1],"ix":4},"o":{"a":0,"k":100,"ix":5},"r":1,"bm":0,"nm":"Fill 1","mn":"ADBE Vector Graphic - Fill","hd":false},{"ty":"tr","p":{"a":0,"k":[-66.463,-5.334],"ix":2},"a":{"a":0,"k":[0,0],"ix":1},"s":{"a":0,"k":[100,100],"ix":3},"r":{"a":0,"k":0,"ix":6},"o":{"a":0,"k":100,"ix":7},"sk":{"a":0,"k":0,"ix":4},"sa":{"a":0,"k":0,"ix":5},"nm":"Transform"}],"nm":"Path","np":3,"cix":2,"bm":0,"ix":1,"mn":"ADBE Vector Group","hd":false}],"ip":0,"op":120,"st":0,"bm":0},{"ddd":0,"ind":10,"ty":0,"nm":"line","parent":8,"tt":1,"refId":"comp_6","sr":1,"ks":{"o":{"a":0,"k":100,"ix":11},"r":{"a":0,"k":0,"ix":10},"p":{"s":true,"x":{"a":0,"k":105,"ix":3},"y":{"a":1,"k":[{"i":{"x":[0.487],"y":[1]},"o":{"x":[0.567],"y":[0]},"t":58,"s":[139]},{"t":82,"s":[105]}],"ix":4}},"a":{"a":0,"k":[105,105,0],"ix":1},"s":{"a":0,"k":[100,100,100],"ix":6}},"ao":0,"w":210,"h":210,"ip":58,"op":39600,"st":0,"bm":0},{"ddd":0,"ind":11,"ty":4,"nm":"round base 3","td":1,"sr":1,"ks":{"o":{"a":0,"k":100,"ix":11},"r":{"a":0,"k":0,"ix":10},"p":{"a":0,"k":[105,105,0],"ix":2},"a":{"a":0,"k":[0,0,0],"ix":1},"s":{"a":1,"k":[{"i":{"x":[0.005,0.005,0.667],"y":[1.148,1.148,1]},"o":{"x":[0.025,0.025,0.333],"y":[0.49,0.49,0]},"t":0,"s":[0,0,100]},{"t":30,"s":[100,100,100]}],"ix":6}},"ao":0,"shapes":[{"ty":"gr","it":[{"ind":0,"ty":"sh","ix":1,"ks":{"a":0,"k":{"i":[[55.228,0],[0,-55.227],[-55.229,0],[0,55.23]],"o":[[-55.229,0],[0,55.23],[55.228,0],[0,-55.227]],"v":[[66.463,-94.664],[-33.537,5.335],[66.463,105.336],[166.463,5.335]],"c":true},"ix":2},"nm":"Path 1","mn":"ADBE Vector Shape - Group","hd":false},{"ty":"fl","c":{"a":0,"k":[0.2,0.301960784314,0.352941176471,1],"ix":4},"o":{"a":0,"k":100,"ix":5},"r":1,"bm":0,"nm":"Fill 1","mn":"ADBE Vector Graphic - Fill","hd":false},{"ty":"tr","p":{"a":0,"k":[-66.463,-5.334],"ix":2},"a":{"a":0,"k":[0,0],"ix":1},"s":{"a":0,"k":[100,100],"ix":3},"r":{"a":0,"k":0,"ix":6},"o":{"a":0,"k":100,"ix":7},"sk":{"a":0,"k":0,"ix":4},"sa":{"a":0,"k":0,"ix":5},"nm":"Transform"}],"nm":"Path","np":3,"cix":2,"bm":0,"ix":1,"mn":"ADBE Vector Group","hd":false}],"ip":0,"op":120,"st":0,"bm":0},{"ddd":0,"ind":12,"ty":0,"nm":"handles","parent":4,"tt":1,"refId":"comp_7","sr":1,"ks":{"o":{"a":0,"k":100,"ix":11},"r":{"a":0,"k":0,"ix":10},"p":{"a":0,"k":[0,0,0],"ix":2},"a":{"a":0,"k":[105,105,0],"ix":1},"s":{"a":1,"k":[{"i":{"x":[0.224,0.667,0.667],"y":[1,1,1]},"o":{"x":[0.024,0.333,0.333],"y":[0,0,0]},"t":80,"s":[34,100,100]},{"t":120,"s":[100,100,100]}],"ix":6}},"ao":0,"w":210,"h":210,"ip":0,"op":39600,"st":0,"bm":0},{"ddd":0,"ind":13,"ty":4,"nm":"round base","sr":1,"ks":{"o":{"a":0,"k":100,"ix":11},"r":{"a":0,"k":0,"ix":10},"p":{"a":0,"k":[105,105,0],"ix":2},"a":{"a":0,"k":[0,0,0],"ix":1},"s":{"a":1,"k":[{"i":{"x":[0.005,0.005,0.667],"y":[1.148,1.148,1]},"o":{"x":[0.025,0.025,0.333],"y":[0.49,0.49,0]},"t":0,"s":[0,0,100]},{"t":30,"s":[100,100,100]}],"ix":6}},"ao":0,"shapes":[{"ty":"gr","it":[{"ind":0,"ty":"sh","ix":1,"ks":{"a":0,"k":{"i":[[55.228,0],[0,-55.227],[-55.229,0],[0,55.23]],"o":[[-55.229,0],[0,55.23],[55.228,0],[0,-55.227]],"v":[[66.463,-94.664],[-33.537,5.335],[66.463,105.336],[166.463,5.335]],"c":true},"ix":2},"nm":"Path 1","mn":"ADBE Vector Shape - Group","hd":false},{"ty":"fl","c":{"a":0,"k":[0.2,0.301960784314,0.352941176471,1],"ix":4},"o":{"a":0,"k":100,"ix":5},"r":1,"bm":0,"nm":"Fill 1","mn":"ADBE Vector Graphic - Fill","hd":false},{"ty":"tr","p":{"a":0,"k":[-66.463,-5.334],"ix":2},"a":{"a":0,"k":[0,0],"ix":1},"s":{"a":0,"k":[100,100],"ix":3},"r":{"a":0,"k":0,"ix":6},"o":{"a":0,"k":100,"ix":7},"sk":{"a":0,"k":0,"ix":4},"sa":{"a":0,"k":0,"ix":5},"nm":"Transform"}],"nm":"Path","np":3,"cix":2,"bm":0,"ix":1,"mn":"ADBE Vector Group","hd":false}],"ip":0,"op":120,"st":0,"bm":0}]},{"id":"comp_4","layers":[{"ddd":0,"ind":3,"ty":4,"nm":"layer","sr":1,"ks":{"o":{"a":0,"k":100,"ix":11},"r":{"a":0,"k":0,"ix":10},"p":{"a":0,"k":[105,105,0],"ix":2},"a":{"a":0,"k":[0,0,0],"ix":1},"s":{"a":0,"k":[100,100,100],"ix":6}},"ao":0,"shapes":[{"ty":"gr","it":[{"ind":0,"ty":"sh","ix":1,"ks":{"a":0,"k":{"i":[[-3.314,0],[0,0],[0,-3.314],[0,0],[0,0],[0,0]],"o":[[0,0],[3.314,0],[0,0],[0,0],[0,0],[0,-3.314]],"v":[[48.463,77.334],[84.463,77.334],[90.463,83.334],[90.463,85.334],[42.463,85.334],[42.463,83.334]],"c":true},"ix":2},"nm":"Path 1","mn":"ADBE Vector Shape - Group","hd":false},{"ty":"fl","c":{"a":0,"k":[0.933333333333,0.776470588235,0.4,1],"ix":4},"o":{"a":0,"k":100,"ix":5},"r":1,"bm":0,"nm":"Fill 1","mn":"ADBE Vector Graphic - Fill","hd":false},{"ty":"tr","p":{"a":0,"k":[-66.463,-5.334],"ix":2},"a":{"a":0,"k":[0,0],"ix":1},"s":{"a":0,"k":[100,100],"ix":3},"r":{"a":0,"k":0,"ix":6},"o":{"a":0,"k":100,"ix":7},"sk":{"a":0,"k":0,"ix":4},"sa":{"a":0,"k":0,"ix":5},"nm":"Transform"}],"nm":"Path","np":3,"cix":2,"bm":0,"ix":1,"mn":"ADBE Vector Group","hd":false}],"ip":0,"op":39600,"st":0,"bm":0}]},{"id":"comp_5","layers":[{"ddd":0,"ind":2,"ty":4,"nm":"layer","sr":1,"ks":{"o":{"a":0,"k":100,"ix":11},"r":{"a":0,"k":0,"ix":10},"p":{"a":0,"k":[105,105,0],"ix":2},"a":{"a":0,"k":[0,0,0],"ix":1},"s":{"a":0,"k":[100,100,100],"ix":6}},"ao":0,"shapes":[{"ty":"gr","it":[{"ind":0,"ty":"sh","ix":1,"ks":{"a":0,"k":{"i":[[-3.314,0],[0,0],[0,-3.315],[0,0],[0,0],[0,0]],"o":[[0,0],[3.314,0],[0,0],[0,0],[0,0],[0,-3.315]],"v":[[56.463,69.335],[76.463,69.335],[82.463,75.335],[82.463,77.335],[50.463,77.335],[50.463,75.335]],"c":true},"ix":2},"nm":"Path 1","mn":"ADBE Vector Shape - Group","hd":false},{"ty":"fl","c":{"a":0,"k":[0.748590327244,0.633759622013,0.358165845684,1],"ix":4},"o":{"a":0,"k":100,"ix":5},"r":1,"bm":0,"nm":"Fill 1","mn":"ADBE Vector Graphic - Fill","hd":false},{"ty":"tr","p":{"a":0,"k":[-66.463,-5.334],"ix":2},"a":{"a":0,"k":[0,0],"ix":1},"s":{"a":0,"k":[100,100],"ix":3},"r":{"a":0,"k":0,"ix":6},"o":{"a":0,"k":100,"ix":7},"sk":{"a":0,"k":0,"ix":4},"sa":{"a":0,"k":0,"ix":5},"nm":"Transform"}],"nm":"Path","np":3,"cix":2,"bm":0,"ix":1,"mn":"ADBE Vector Group","hd":false}],"ip":0,"op":39600,"st":0,"bm":0}]},{"id":"comp_6","layers":[{"ddd":0,"ind":2,"ty":4,"nm":"line","sr":1,"ks":{"o":{"a":0,"k":100,"ix":11},"r":{"a":0,"k":0,"ix":10},"p":{"a":0,"k":[105,105,0],"ix":2},"a":{"a":0,"k":[0,0,0],"ix":1},"s":{"a":0,"k":[100,100,100],"ix":6}},"ao":0,"shapes":[{"ty":"gr","it":[{"ind":0,"ty":"sh","ix":1,"ks":{"a":0,"k":{"i":[[0,0],[0,0],[0,0],[0,0]],"o":[[0,0],[0,0],[0,0],[0,0]],"v":[[60.463,37.334],[72.463,37.334],[72.463,69.334],[60.463,69.334]],"c":true},"ix":2},"nm":"Path 1","mn":"ADBE Vector Shape - Group","hd":false},{"ty":"fl","c":{"a":0,"k":[0.933333333333,0.776470588235,0.4,1],"ix":4},"o":{"a":0,"k":100,"ix":5},"r":1,"bm":0,"nm":"Fill 1","mn":"ADBE Vector Graphic - Fill","hd":false},{"ty":"tr","p":{"a":0,"k":[-66.463,-5.334],"ix":2},"a":{"a":0,"k":[0,0],"ix":1},"s":{"a":0,"k":[100,100],"ix":3},"r":{"a":0,"k":0,"ix":6},"o":{"a":0,"k":100,"ix":7},"sk":{"a":0,"k":0,"ix":4},"sa":{"a":0,"k":0,"ix":5},"nm":"Transform"}],"nm":"Path","np":3,"cix":2,"bm":0,"ix":1,"mn":"ADBE Vector Group","hd":false}],"ip":0,"op":39600,"st":0,"bm":0}]},{"id":"comp_7","layers":[{"ddd":0,"ind":2,"ty":4,"nm":"handles","sr":1,"ks":{"o":{"a":0,"k":100,"ix":11},"r":{"a":0,"k":0,"ix":10},"p":{"a":0,"k":[105,105,0],"ix":2},"a":{"a":0,"k":[0,0,0],"ix":1},"s":{"a":0,"k":[100,100,100],"ix":6}},"ao":0,"shapes":[{"ty":"gr","it":[{"ind":0,"ty":"sh","ix":1,"ks":{"a":0,"k":{"i":[[0,0],[0,0],[2.752,-2.852],[0,0],[0,0],[0,0]],"o":[[0,0],[0,1.696],[0,0],[0,0],[0,0],[0,0]],"v":[[120.463,-22.664],[120.463,-4.664],[116.476,2.832],[94.463,19.766],[94.463,-22.664],[120.463,-22.664]],"c":true},"ix":2},"nm":"Path 1","mn":"ADBE Vector Shape - Group","hd":false},{"ind":1,"ty":"sh","ix":2,"ks":{"a":0,"k":{"i":[[0,0],[0,0],[0,-3.315],[0,0],[-3.314,0],[0,0],[0,3.922],[0,0],[3.314,0]],"o":[[0,0],[-3.314,0],[0,0],[0,3.314],[0,0],[3.573,-3.573],[0,0],[0,-3.315],[0,0]],"v":[[120.463,-28.665],[94.463,-28.665],[88.463,-22.664],[88.463,21.335],[94.463,27.335],[120.463,7.335],[126.463,-4.664],[126.463,-22.664],[120.463,-28.665]],"c":true},"ix":2},"nm":"Path 2","mn":"ADBE Vector Shape - Group","hd":false},{"ind":2,"ty":"sh","ix":3,"ks":{"a":0,"k":{"i":[[0,0],[0,0],[-2.752,-2.852],[0,0],[0,0],[0,0]],"o":[[0,0],[0,1.696],[0,0],[0,0],[0,0],[0,0]],"v":[[12.463,-22.664],[12.463,-4.664],[16.45,2.832],[38.463,19.766],[38.463,-22.664],[12.463,-22.664]],"c":true},"ix":2},"nm":"Path 3","mn":"ADBE Vector Shape - Group","hd":false},{"ind":3,"ty":"sh","ix":4,"ks":{"a":0,"k":{"i":[[0,0],[0,0],[0,-3.315],[0,0],[3.314,0],[0,0],[0,3.922],[0,0],[-3.314,0]],"o":[[0,0],[3.314,0],[0,0],[0,3.314],[0,0],[-3.573,-3.573],[0,0],[0,-3.315],[0,0]],"v":[[12.463,-28.665],[38.463,-28.665],[44.463,-22.664],[44.463,21.335],[38.463,27.335],[12.463,7.335],[6.463,-4.664],[6.463,-22.664],[12.463,-28.665]],"c":true},"ix":2},"nm":"Path 4","mn":"ADBE Vector Shape - Group","hd":false},{"ty":"fl","c":{"a":0,"k":[0.933333333333,0.776470588235,0.4,1],"ix":4},"o":{"a":0,"k":100,"ix":5},"r":1,"bm":0,"nm":"Fill 1","mn":"ADBE Vector Graphic - Fill","hd":false},{"ty":"tr","p":{"a":0,"k":[-66.463,-5.334],"ix":2},"a":{"a":0,"k":[0,0],"ix":1},"s":{"a":0,"k":[100,100],"ix":3},"r":{"a":0,"k":0,"ix":6},"o":{"a":0,"k":100,"ix":7},"sk":{"a":0,"k":0,"ix":4},"sa":{"a":0,"k":0,"ix":5},"nm":"Transform"}],"nm":"Path","np":6,"cix":2,"bm":0,"ix":1,"mn":"ADBE Vector Group","hd":false}],"ip":0,"op":39600,"st":0,"bm":0}]},{"id":"comp_8","layers":[{"ddd":0,"ind":1,"ty":0,"nm":"cup loop","refId":"comp_9","sr":1,"ks":{"o":{"a":0,"k":100,"ix":11},"r":{"a":0,"k":0,"ix":10},"p":{"a":0,"k":[105,105,0],"ix":2},"a":{"a":0,"k":[105,105,0],"ix":1},"s":{"a":0,"k":[100,100,100],"ix":6}},"ao":0,"w":210,"h":210,"ip":0,"op":60,"st":0,"bm":0},{"ddd":0,"ind":2,"ty":0,"nm":"cup still","refId":"comp_10","sr":1,"ks":{"o":{"a":0,"k":100,"ix":11},"r":{"a":0,"k":0,"ix":10},"p":{"a":0,"k":[105,105,0],"ix":2},"a":{"a":0,"k":[105,105,0],"ix":1},"s":{"a":0,"k":[100,100,100],"ix":6}},"ao":0,"w":210,"h":210,"ip":60,"op":36060,"st":60,"bm":0}]},{"id":"comp_9","layers":[{"ddd":0,"ind":1,"ty":4,"nm":"crown","parent":2,"sr":1,"ks":{"o":{"a":0,"k":100,"ix":11},"r":{"a":0,"k":0,"ix":10},"p":{"s":true,"x":{"a":1,"k":[{"i":{"x":[0.723],"y":[1]},"o":{"x":[0.543],"y":[0]},"t":0,"s":[0]},{"i":{"x":[0.667],"y":[1]},"o":{"x":[0.333],"y":[0]},"t":20,"s":[3]},{"i":{"x":[0.356],"y":[1]},"o":{"x":[0.177],"y":[0]},"t":40,"s":[-2]},{"t":60,"s":[0]}],"ix":3},"y":{"a":0,"k":0,"ix":4}},"a":{"a":0,"k":[0,0,0],"ix":1},"s":{"a":0,"k":[100,100,100],"ix":6}},"ao":0,"shapes":[{"ty":"gr","it":[{"ind":0,"ty":"sh","ix":1,"ks":{"a":0,"k":{"i":[[-0.982,-1.285],[0,0],[-0.118,0],[0,0],[0,0],[0,-1.8],[0,0],[1.105,0],[0,0],[0,1.104],[0,0]],"o":[[0,0],[0,0],[0.139,0],[0,0],[0.748,-0.68],[0,0],[0,1.104],[0,0],[-1.105,0],[0,0],[0,-1.104]],"v":[[52.463,-11.727],[59.398,-4.664],[66.43,-12.665],[73.568,-4.664],[80.463,-11.915],[82.463,-11.665],[80.463,5.335],[78.463,7.335],[54.463,7.335],[52.463,5.335],[50.463,-11.79]],"c":true},"ix":2},"nm":"Path 1","mn":"ADBE Vector Shape - Group","hd":false},{"ind":1,"ty":"sh","ix":2,"ks":{"a":0,"k":{"i":[[-1.105,0],[0,0],[0,-1.105],[1.105,0],[0,0],[0,1.105]],"o":[[0,0],[1.105,0],[0,1.105],[0,0],[-1.105,0],[0,-1.105]],"v":[[54.463,11.334],[78.463,11.334],[80.463,13.334],[78.463,15.334],[54.463,15.334],[52.463,13.334]],"c":true},"ix":2},"nm":"Path 2","mn":"ADBE Vector Shape - Group","hd":false},{"ty":"fl","c":{"a":0,"k":[0.988235294118,0.898039215686,0.674509803922,1],"ix":4},"o":{"a":0,"k":100,"ix":5},"r":1,"bm":0,"nm":"Fill 1","mn":"ADBE Vector Graphic - Fill","hd":false},{"ty":"tr","p":{"a":0,"k":[-66.463,-5.334],"ix":2},"a":{"a":0,"k":[0,0],"ix":1},"s":{"a":0,"k":[100,100],"ix":3},"r":{"a":0,"k":0,"ix":6},"o":{"a":0,"k":100,"ix":7},"sk":{"a":0,"k":0,"ix":4},"sa":{"a":0,"k":0,"ix":5},"nm":"Transform"}],"nm":"Path","np":4,"cix":2,"bm":0,"ix":1,"mn":"ADBE Vector Group","hd":false}],"ip":0,"op":62,"st":0,"bm":0},{"ddd":0,"ind":2,"ty":4,"nm":"body","parent":6,"sr":1,"ks":{"o":{"a":0,"k":100,"ix":11},"r":{"a":0,"k":0,"ix":10},"p":{"s":true,"x":{"a":0,"k":105,"ix":3},"y":{"a":0,"k":151,"ix":4}},"a":{"a":0,"k":[0,46,0],"ix":1},"s":{"a":0,"k":[100,100,100],"ix":6}},"ao":0,"shapes":[{"ty":"gr","it":[{"ind":0,"ty":"sh","ix":1,"ks":{"a":0,"k":{"i":[[5.523,0],[0,0],[0,-5.522],[0,0],[-23.196,0],[0,23.372],[0,0]],"o":[[0,0],[-5.523,0],[0,0],[0,23.372],[23.196,0],[0,0],[0,-5.522]],"v":[[98.463,-40.666],[34.463,-40.666],[24.463,-30.666],[24.463,9.015],[66.463,51.334],[108.463,9.015],[108.463,-30.666]],"c":true},"ix":2},"nm":"Path 1","mn":"ADBE Vector Shape - Group","hd":false},{"ty":"fl","c":{"a":0,"k":[0.933333333333,0.776470588235,0.4,1],"ix":4},"o":{"a":0,"k":100,"ix":5},"r":1,"bm":0,"nm":"Fill 1","mn":"ADBE Vector Graphic - Fill","hd":false},{"ty":"tr","p":{"a":0,"k":[-66.463,-5.334],"ix":2},"a":{"a":0,"k":[0,0],"ix":1},"s":{"a":0,"k":[100,100],"ix":3},"r":{"a":0,"k":0,"ix":6},"o":{"a":0,"k":100,"ix":7},"sk":{"a":0,"k":0,"ix":4},"sa":{"a":0,"k":0,"ix":5},"nm":"Transform"}],"nm":"Path","np":3,"cix":2,"bm":0,"ix":1,"mn":"ADBE Vector Group","hd":false}],"ip":0,"op":62,"st":0,"bm":0},{"ddd":0,"ind":3,"ty":4,"nm":"base","sr":1,"ks":{"o":{"a":0,"k":100,"ix":11},"r":{"a":0,"k":0,"ix":10},"p":{"s":true,"x":{"a":0,"k":105,"ix":3},"y":{"a":1,"k":[{"i":{"x":[0.366],"y":[1]},"o":{"x":[0.549],"y":[0]},"t":0,"s":[205.002]},{"i":{"x":[0.509],"y":[1]},"o":{"x":[0.681],"y":[0]},"t":30,"s":[200.002]},{"t":60,"s":[205.002]}],"ix":4}},"a":{"a":0,"k":[0,100.002,0],"ix":1},"s":{"a":0,"k":[100,100,100],"ix":6}},"ao":0,"shapes":[{"ty":"gr","it":[{"ind":0,"ty":"sh","ix":1,"ks":{"a":0,"k":{"i":[[-3.314,0],[0,0],[0,-3.314],[0,0],[3.314,0],[0,0],[0,3.313],[0,0]],"o":[[0,0],[3.314,0],[0,0],[0,3.313],[0,0],[-3.314,0],[0,0],[0,-3.314]],"v":[[26.463,85.334],[106.463,85.334],[112.463,91.334],[112.463,99.334],[106.463,105.334],[26.463,105.334],[20.463,99.334],[20.463,91.334]],"c":true},"ix":2},"nm":"Path 1","mn":"ADBE Vector Shape - Group","hd":false},{"ty":"fl","c":{"a":0,"k":[0.894117647059,0.905882352941,0.905882352941,1],"ix":4},"o":{"a":0,"k":100,"ix":5},"r":1,"bm":0,"nm":"Fill 1","mn":"ADBE Vector Graphic - Fill","hd":false},{"ty":"tr","p":{"a":0,"k":[-66.463,-5.334],"ix":2},"a":{"a":0,"k":[0,0],"ix":1},"s":{"a":0,"k":[100,100],"ix":3},"r":{"a":0,"k":0,"ix":6},"o":{"a":0,"k":100,"ix":7},"sk":{"a":0,"k":0,"ix":4},"sa":{"a":0,"k":0,"ix":5},"nm":"Transform"}],"nm":"Path","np":3,"cix":2,"bm":0,"ix":1,"mn":"ADBE Vector Group","hd":false}],"ip":0,"op":62,"st":0,"bm":0},{"ddd":0,"ind":4,"ty":0,"nm":"layer1","parent":3,"refId":"comp_4","sr":1,"ks":{"o":{"a":0,"k":100,"ix":11},"r":{"a":0,"k":0,"ix":10},"p":{"s":true,"x":{"a":0,"k":0,"ix":3},"y":{"a":0,"k":0,"ix":4}},"a":{"a":0,"k":[105,105,0],"ix":1},"s":{"a":0,"k":[100,100,100],"ix":6}},"ao":0,"w":210,"h":210,"ip":-92,"op":39478,"st":-122,"bm":0},{"ddd":0,"ind":5,"ty":0,"nm":"layer","parent":4,"refId":"comp_5","sr":1,"ks":{"o":{"a":0,"k":100,"ix":11},"r":{"a":0,"k":0,"ix":10},"p":{"s":true,"x":{"a":0,"k":105,"ix":3},"y":{"a":0,"k":105,"ix":4}},"a":{"a":0,"k":[105,105,0],"ix":1},"s":{"a":0,"k":[100,100,100],"ix":6}},"ao":0,"w":210,"h":210,"ip":-76,"op":39478,"st":-122,"bm":0},{"ddd":0,"ind":6,"ty":0,"nm":"line","parent":5,"refId":"comp_6","sr":1,"ks":{"o":{"a":0,"k":100,"ix":11},"r":{"a":0,"k":0,"ix":10},"p":{"s":true,"x":{"a":0,"k":105,"ix":3},"y":{"a":0,"k":105,"ix":4}},"a":{"a":0,"k":[105,105,0],"ix":1},"s":{"a":0,"k":[100,100,100],"ix":6}},"ao":0,"w":210,"h":210,"ip":-64,"op":39478,"st":-122,"bm":0},{"ddd":1,"ind":7,"ty":0,"nm":"handles","parent":2,"refId":"comp_7","sr":1,"ks":{"o":{"a":0,"k":100,"ix":11},"rx":{"a":0,"k":0,"ix":8},"ry":{"a":0,"k":0,"ix":9},"rz":{"a":0,"k":0,"ix":10},"or":{"a":0,"k":[0,0,0],"ix":7},"p":{"a":0,"k":[0,0,0],"ix":2},"a":{"a":0,"k":[105,105,0],"ix":1},"s":{"a":0,"k":[100,100,100],"ix":6}},"ao":0,"w":210,"h":210,"ip":-122,"op":39478,"st":-122,"bm":0},{"ddd":0,"ind":8,"ty":4,"nm":"round base","sr":1,"ks":{"o":{"a":0,"k":100,"ix":11},"r":{"a":0,"k":0,"ix":10},"p":{"a":0,"k":[105,105,0],"ix":2},"a":{"a":0,"k":[0,0,0],"ix":1},"s":{"a":0,"k":[100,100,100],"ix":6}},"ao":0,"shapes":[{"ty":"gr","it":[{"ind":0,"ty":"sh","ix":1,"ks":{"a":0,"k":{"i":[[55.228,0],[0,-55.227],[-55.229,0],[0,55.23]],"o":[[-55.229,0],[0,55.23],[55.228,0],[0,-55.227]],"v":[[66.463,-94.664],[-33.537,5.335],[66.463,105.336],[166.463,5.335]],"c":true},"ix":2},"nm":"Path 1","mn":"ADBE Vector Shape - Group","hd":false},{"ty":"fl","c":{"a":0,"k":[0.2,0.301960784314,0.352941176471,1],"ix":4},"o":{"a":0,"k":100,"ix":5},"r":1,"bm":0,"nm":"Fill 1","mn":"ADBE Vector Graphic - Fill","hd":false},{"ty":"tr","p":{"a":0,"k":[-66.463,-5.334],"ix":2},"a":{"a":0,"k":[0,0],"ix":1},"s":{"a":0,"k":[100,100],"ix":3},"r":{"a":0,"k":0,"ix":6},"o":{"a":0,"k":100,"ix":7},"sk":{"a":0,"k":0,"ix":4},"sa":{"a":0,"k":0,"ix":5},"nm":"Transform"}],"nm":"Path","np":3,"cix":2,"bm":0,"ix":1,"mn":"ADBE Vector Group","hd":false}],"ip":0,"op":62,"st":0,"bm":0}]},{"id":"comp_10","layers":[{"ddd":1,"ind":1,"ty":4,"nm":"crown","parent":2,"sr":1,"ks":{"o":{"a":0,"k":100,"ix":11},"rx":{"a":0,"k":0,"ix":8},"ry":{"a":0,"k":0,"ix":9},"rz":{"a":0,"k":0,"ix":10},"or":{"a":0,"k":[0,0,0],"ix":7},"p":{"s":true,"x":{"a":0,"k":0,"ix":3},"y":{"a":0,"k":0,"ix":4},"z":{"a":0,"k":0,"ix":5}},"a":{"a":0,"k":[0,0,0],"ix":1},"s":{"a":0,"k":[100,100,100],"ix":6}},"ao":0,"shapes":[{"ty":"gr","it":[{"ind":0,"ty":"sh","ix":1,"ks":{"a":0,"k":{"i":[[-0.982,-1.285],[0,0],[-0.118,0],[0,0],[0,0],[0,-1.8],[0,0],[1.105,0],[0,0],[0,1.104],[0,0]],"o":[[0,0],[0,0],[0.139,0],[0,0],[0.748,-0.68],[0,0],[0,1.104],[0,0],[-1.105,0],[0,0],[0,-1.104]],"v":[[52.463,-11.727],[59.398,-4.664],[66.43,-12.665],[73.568,-4.664],[80.463,-11.915],[82.463,-11.665],[80.463,5.335],[78.463,7.335],[54.463,7.335],[52.463,5.335],[50.463,-11.79]],"c":true},"ix":2},"nm":"Path 1","mn":"ADBE Vector Shape - Group","hd":false},{"ind":1,"ty":"sh","ix":2,"ks":{"a":0,"k":{"i":[[-1.105,0],[0,0],[0,-1.105],[1.105,0],[0,0],[0,1.105]],"o":[[0,0],[1.105,0],[0,1.105],[0,0],[-1.105,0],[0,-1.105]],"v":[[54.463,11.334],[78.463,11.334],[80.463,13.334],[78.463,15.334],[54.463,15.334],[52.463,13.334]],"c":true},"ix":2},"nm":"Path 2","mn":"ADBE Vector Shape - Group","hd":false},{"ty":"fl","c":{"a":0,"k":[0.988235294118,0.898039215686,0.674509803922,1],"ix":4},"o":{"a":0,"k":100,"ix":5},"r":1,"bm":0,"nm":"Fill 1","mn":"ADBE Vector Graphic - Fill","hd":false},{"ty":"tr","p":{"a":0,"k":[-66.463,-5.334],"ix":2},"a":{"a":0,"k":[0,0],"ix":1},"s":{"a":0,"k":[100,100],"ix":3},"r":{"a":0,"k":0,"ix":6},"o":{"a":0,"k":100,"ix":7},"sk":{"a":0,"k":0,"ix":4},"sa":{"a":0,"k":0,"ix":5},"nm":"Transform"}],"nm":"Path","np":4,"cix":2,"bm":0,"ix":1,"mn":"ADBE Vector Group","hd":false}],"ip":0,"op":36000,"st":0,"bm":0},{"ddd":0,"ind":2,"ty":4,"nm":"body","parent":6,"sr":1,"ks":{"o":{"a":0,"k":100,"ix":11},"r":{"a":0,"k":0,"ix":10},"p":{"s":true,"x":{"a":0,"k":105,"ix":3},"y":{"a":0,"k":151,"ix":4}},"a":{"a":0,"k":[0,46,0],"ix":1},"s":{"a":0,"k":[100,100,100],"ix":6}},"ao":0,"shapes":[{"ty":"gr","it":[{"ind":0,"ty":"sh","ix":1,"ks":{"a":0,"k":{"i":[[5.523,0],[0,0],[0,-5.522],[0,0],[-23.196,0],[0,23.372],[0,0]],"o":[[0,0],[-5.523,0],[0,0],[0,23.372],[23.196,0],[0,0],[0,-5.522]],"v":[[98.463,-40.666],[34.463,-40.666],[24.463,-30.666],[24.463,9.015],[66.463,51.334],[108.463,9.015],[108.463,-30.666]],"c":true},"ix":2},"nm":"Path 1","mn":"ADBE Vector Shape - Group","hd":false},{"ty":"fl","c":{"a":0,"k":[0.933333333333,0.776470588235,0.4,1],"ix":4},"o":{"a":0,"k":100,"ix":5},"r":1,"bm":0,"nm":"Fill 1","mn":"ADBE Vector Graphic - Fill","hd":false},{"ty":"tr","p":{"a":0,"k":[-66.463,-5.334],"ix":2},"a":{"a":0,"k":[0,0],"ix":1},"s":{"a":0,"k":[100,100],"ix":3},"r":{"a":0,"k":0,"ix":6},"o":{"a":0,"k":100,"ix":7},"sk":{"a":0,"k":0,"ix":4},"sa":{"a":0,"k":0,"ix":5},"nm":"Transform"}],"nm":"Path","np":3,"cix":2,"bm":0,"ix":1,"mn":"ADBE Vector Group","hd":false}],"ip":0,"op":36000,"st":0,"bm":0},{"ddd":0,"ind":3,"ty":4,"nm":"base","sr":1,"ks":{"o":{"a":0,"k":100,"ix":11},"r":{"a":0,"k":0,"ix":10},"p":{"s":true,"x":{"a":0,"k":105,"ix":3},"y":{"a":0,"k":205.002,"ix":4}},"a":{"a":0,"k":[0,100.002,0],"ix":1},"s":{"a":0,"k":[100,100,100],"ix":6}},"ao":0,"shapes":[{"ty":"gr","it":[{"ind":0,"ty":"sh","ix":1,"ks":{"a":0,"k":{"i":[[-3.314,0],[0,0],[0,-3.314],[0,0],[3.314,0],[0,0],[0,3.313],[0,0]],"o":[[0,0],[3.314,0],[0,0],[0,3.313],[0,0],[-3.314,0],[0,0],[0,-3.314]],"v":[[26.463,85.334],[106.463,85.334],[112.463,91.334],[112.463,99.334],[106.463,105.334],[26.463,105.334],[20.463,99.334],[20.463,91.334]],"c":true},"ix":2},"nm":"Path 1","mn":"ADBE Vector Shape - Group","hd":false},{"ty":"fl","c":{"a":0,"k":[0.894117647059,0.905882352941,0.905882352941,1],"ix":4},"o":{"a":0,"k":100,"ix":5},"r":1,"bm":0,"nm":"Fill 1","mn":"ADBE Vector Graphic - Fill","hd":false},{"ty":"tr","p":{"a":0,"k":[-66.463,-5.334],"ix":2},"a":{"a":0,"k":[0,0],"ix":1},"s":{"a":0,"k":[100,100],"ix":3},"r":{"a":0,"k":0,"ix":6},"o":{"a":0,"k":100,"ix":7},"sk":{"a":0,"k":0,"ix":4},"sa":{"a":0,"k":0,"ix":5},"nm":"Transform"}],"nm":"Path","np":3,"cix":2,"bm":0,"ix":1,"mn":"ADBE Vector Group","hd":false}],"ip":0,"op":36000,"st":0,"bm":0},{"ddd":0,"ind":4,"ty":0,"nm":"layer1","parent":3,"refId":"comp_4","sr":1,"ks":{"o":{"a":0,"k":100,"ix":11},"r":{"a":0,"k":0,"ix":10},"p":{"s":true,"x":{"a":0,"k":0,"ix":3},"y":{"a":0,"k":0,"ix":4}},"a":{"a":0,"k":[105,105,0],"ix":1},"s":{"a":0,"k":[100,100,100],"ix":6}},"ao":0,"w":210,"h":210,"ip":-92,"op":39478,"st":-122,"bm":0},{"ddd":0,"ind":5,"ty":0,"nm":"layer","parent":4,"refId":"comp_5","sr":1,"ks":{"o":{"a":0,"k":100,"ix":11},"r":{"a":0,"k":0,"ix":10},"p":{"s":true,"x":{"a":0,"k":105,"ix":3},"y":{"a":0,"k":105,"ix":4}},"a":{"a":0,"k":[105,105,0],"ix":1},"s":{"a":0,"k":[100,100,100],"ix":6}},"ao":0,"w":210,"h":210,"ip":-76,"op":39478,"st":-122,"bm":0},{"ddd":0,"ind":6,"ty":0,"nm":"line","parent":5,"refId":"comp_6","sr":1,"ks":{"o":{"a":0,"k":100,"ix":11},"r":{"a":0,"k":0,"ix":10},"p":{"s":true,"x":{"a":0,"k":105,"ix":3},"y":{"a":0,"k":105,"ix":4}},"a":{"a":0,"k":[105,105,0],"ix":1},"s":{"a":0,"k":[100,100,100],"ix":6}},"ao":0,"w":210,"h":210,"ip":-64,"op":39478,"st":-122,"bm":0},{"ddd":1,"ind":7,"ty":0,"nm":"handles","parent":2,"refId":"comp_7","sr":1,"ks":{"o":{"a":0,"k":100,"ix":11},"rx":{"a":0,"k":0,"ix":8},"ry":{"a":0,"k":0,"ix":9},"rz":{"a":0,"k":0,"ix":10},"or":{"a":0,"k":[0,0,0],"ix":7},"p":{"a":0,"k":[0,0,0],"ix":2},"a":{"a":0,"k":[105,105,0],"ix":1},"s":{"a":0,"k":[100,100,100],"ix":6}},"ao":0,"w":210,"h":210,"ip":-122,"op":39478,"st":-122,"bm":0},{"ddd":0,"ind":8,"ty":4,"nm":"round base","sr":1,"ks":{"o":{"a":0,"k":100,"ix":11},"r":{"a":0,"k":0,"ix":10},"p":{"a":0,"k":[105,105,0],"ix":2},"a":{"a":0,"k":[0,0,0],"ix":1},"s":{"a":0,"k":[100,100,100],"ix":6}},"ao":0,"shapes":[{"ty":"gr","it":[{"ind":0,"ty":"sh","ix":1,"ks":{"a":0,"k":{"i":[[55.228,0],[0,-55.227],[-55.229,0],[0,55.23]],"o":[[-55.229,0],[0,55.23],[55.228,0],[0,-55.227]],"v":[[66.463,-94.664],[-33.537,5.335],[66.463,105.336],[166.463,5.335]],"c":true},"ix":2},"nm":"Path 1","mn":"ADBE Vector Shape - Group","hd":false},{"ty":"fl","c":{"a":0,"k":[0.2,0.301960784314,0.352941176471,1],"ix":4},"o":{"a":0,"k":100,"ix":5},"r":1,"bm":0,"nm":"Fill 1","mn":"ADBE Vector Graphic - Fill","hd":false},{"ty":"tr","p":{"a":0,"k":[-66.463,-5.334],"ix":2},"a":{"a":0,"k":[0,0],"ix":1},"s":{"a":0,"k":[100,100],"ix":3},"r":{"a":0,"k":0,"ix":6},"o":{"a":0,"k":100,"ix":7},"sk":{"a":0,"k":0,"ix":4},"sa":{"a":0,"k":0,"ix":5},"nm":"Transform"}],"nm":"Path","np":3,"cix":2,"bm":0,"ix":1,"mn":"ADBE Vector Group","hd":false}],"ip":0,"op":36000,"st":0,"bm":0}]},{"id":"comp_11","layers":[{"ddd":0,"ind":1,"ty":0,"nm":"chat in","refId":"comp_12","sr":0.75,"ks":{"o":{"a":0,"k":100,"ix":11},"r":{"a":0,"k":0,"ix":10},"p":{"a":0,"k":[105,105,0],"ix":2},"a":{"a":0,"k":[105,105,0],"ix":1},"s":{"a":0,"k":[100,100,100],"ix":6}},"ao":0,"w":210,"h":210,"ip":0,"op":90,"st":0,"bm":0},{"ddd":0,"ind":2,"ty":0,"nm":"chat loop","refId":"comp_15","sr":1,"ks":{"o":{"a":0,"k":100,"ix":11},"r":{"a":0,"k":0,"ix":10},"p":{"a":0,"k":[105,105,0],"ix":2},"a":{"a":0,"k":[105,105,0],"ix":1},"s":{"a":1,"k":[{"i":{"x":[0.042,0.042,0.667],"y":[1,1,1]},"o":{"x":[0.333,0.333,0.333],"y":[0,0,0]},"t":568,"s":[100,100,100]},{"t":590,"s":[0,0,100]}],"ix":6}},"ao":0,"tm":{"a":1,"k":[{"i":{"x":[0.833],"y":[0.833]},"o":{"x":[0.167],"y":[0.167]},"t":206,"s":[0]},{"t":266,"s":[1.5]}],"ix":2},"w":210,"h":210,"ip":206,"op":266,"st":206,"bm":0},{"ddd":0,"ind":3,"ty":0,"nm":"chat loop","refId":"comp_15","sr":1,"ks":{"o":{"a":0,"k":100,"ix":11},"r":{"a":0,"k":0,"ix":10},"p":{"a":0,"k":[105,105,0],"ix":2},"a":{"a":0,"k":[105,105,0],"ix":1},"s":{"a":1,"k":[{"i":{"x":[0.042,0.042,0.667],"y":[1,1,1]},"o":{"x":[0.333,0.333,0.333],"y":[0,0,0]},"t":508,"s":[100,100,100]},{"t":530,"s":[0,0,100]}],"ix":6}},"ao":0,"tm":{"a":1,"k":[{"i":{"x":[0.833],"y":[0.833]},"o":{"x":[0.167],"y":[0.167]},"t":146,"s":[0]},{"t":206,"s":[1.5]}],"ix":2},"w":210,"h":210,"ip":146,"op":206,"st":146,"bm":0},{"ddd":0,"ind":4,"ty":0,"nm":"chat loop","refId":"comp_15","sr":1,"ks":{"o":{"a":0,"k":100,"ix":11},"r":{"a":0,"k":0,"ix":10},"p":{"a":0,"k":[105,105,0],"ix":2},"a":{"a":0,"k":[105,105,0],"ix":1},"s":{"a":1,"k":[{"i":{"x":[0.042,0.042,0.667],"y":[1,1,1]},"o":{"x":[0.333,0.333,0.333],"y":[0,0,0]},"t":449,"s":[100,100,100]},{"t":471,"s":[0,0,100]}],"ix":6}},"ao":0,"tm":{"a":1,"k":[{"i":{"x":[0.833],"y":[0.833]},"o":{"x":[0.167],"y":[0.167]},"t":87,"s":[0]},{"t":147,"s":[1.5]}],"ix":2},"w":210,"h":210,"ip":87,"op":147,"st":87,"bm":0}]},{"id":"comp_12","layers":[{"ddd":0,"ind":1,"ty":4,"nm":"round base 2","td":1,"sr":1,"ks":{"o":{"a":0,"k":100,"ix":11},"r":{"a":0,"k":0,"ix":10},"p":{"a":0,"k":[105,105,0],"ix":2},"a":{"a":0,"k":[0,0,0],"ix":1},"s":{"a":1,"k":[{"i":{"x":[0.005,0.005,0.667],"y":[1.148,1.148,1]},"o":{"x":[0.025,0.025,0.333],"y":[0.49,0.49,0]},"t":0,"s":[0,0,100]},{"t":30,"s":[100,100,100]}],"ix":6}},"ao":0,"shapes":[{"ty":"gr","it":[{"ind":0,"ty":"sh","ix":1,"ks":{"a":0,"k":{"i":[[55.228,0],[0,-55.227],[-55.229,0],[0,55.23]],"o":[[-55.229,0],[0,55.23],[55.228,0],[0,-55.227]],"v":[[66.463,-94.664],[-33.537,5.335],[66.463,105.336],[166.463,5.335]],"c":true},"ix":2},"nm":"Path 1","mn":"ADBE Vector Shape - Group","hd":false},{"ty":"fl","c":{"a":0,"k":[0.937254901961,0.780392156863,0.36862745098,1],"ix":4},"o":{"a":0,"k":100,"ix":5},"r":1,"bm":0,"nm":"Fill 1","mn":"ADBE Vector Graphic - Fill","hd":false},{"ty":"tr","p":{"a":0,"k":[-66.463,-5.334],"ix":2},"a":{"a":0,"k":[0,0],"ix":1},"s":{"a":0,"k":[100,100],"ix":3},"r":{"a":0,"k":0,"ix":6},"o":{"a":0,"k":100,"ix":7},"sk":{"a":0,"k":0,"ix":4},"sa":{"a":0,"k":0,"ix":5},"nm":"Transform"}],"nm":"Path","np":3,"cix":2,"bm":0,"ix":1,"mn":"ADBE Vector Group","hd":false}],"ip":0,"op":120,"st":0,"bm":0},{"ddd":0,"ind":2,"ty":0,"nm":"bubble 2","tt":1,"refId":"comp_13","sr":1,"ks":{"o":{"a":0,"k":100,"ix":11},"r":{"a":1,"k":[{"i":{"x":[0.241],"y":[1]},"o":{"x":[0.122],"y":[0]},"t":25.48,"s":[40]},{"i":{"x":[0.448],"y":[1]},"o":{"x":[0.409],"y":[0]},"t":68.6,"s":[-5]},{"t":98,"s":[0]}],"ix":10},"p":{"a":0,"k":[113.5,148.25,0],"ix":2},"a":{"a":0,"k":[103.5,148.25,0],"ix":1},"s":{"a":1,"k":[{"i":{"x":[0.241,0.241,0.667],"y":[1,1,1]},"o":{"x":[0.122,0.122,0.333],"y":[0,0,0]},"t":25.48,"s":[0,0,100]},{"i":{"x":[0.334,0.334,0.667],"y":[1,1,1]},"o":{"x":[0.326,0.326,0.333],"y":[0,0,0]},"t":68.6,"s":[110,110,100]},{"t":98,"s":[100,100,100]}],"ix":6}},"ao":0,"w":210,"h":210,"ip":0,"op":39600,"st":0,"bm":0},{"ddd":0,"ind":3,"ty":4,"nm":"round base 3","td":1,"sr":1,"ks":{"o":{"a":0,"k":100,"ix":11},"r":{"a":0,"k":0,"ix":10},"p":{"a":0,"k":[105,105,0],"ix":2},"a":{"a":0,"k":[0,0,0],"ix":1},"s":{"a":1,"k":[{"i":{"x":[0.005,0.005,0.667],"y":[1.148,1.148,1]},"o":{"x":[0.025,0.025,0.333],"y":[0.49,0.49,0]},"t":0,"s":[0,0,100]},{"t":30,"s":[100,100,100]}],"ix":6}},"ao":0,"shapes":[{"ty":"gr","it":[{"ind":0,"ty":"sh","ix":1,"ks":{"a":0,"k":{"i":[[55.228,0],[0,-55.227],[-55.229,0],[0,55.23]],"o":[[-55.229,0],[0,55.23],[55.228,0],[0,-55.227]],"v":[[66.463,-94.664],[-33.537,5.335],[66.463,105.336],[166.463,5.335]],"c":true},"ix":2},"nm":"Path 1","mn":"ADBE Vector Shape - Group","hd":false},{"ty":"fl","c":{"a":0,"k":[0.937254901961,0.780392156863,0.36862745098,1],"ix":4},"o":{"a":0,"k":100,"ix":5},"r":1,"bm":0,"nm":"Fill 1","mn":"ADBE Vector Graphic - Fill","hd":false},{"ty":"tr","p":{"a":0,"k":[-66.463,-5.334],"ix":2},"a":{"a":0,"k":[0,0],"ix":1},"s":{"a":0,"k":[100,100],"ix":3},"r":{"a":0,"k":0,"ix":6},"o":{"a":0,"k":100,"ix":7},"sk":{"a":0,"k":0,"ix":4},"sa":{"a":0,"k":0,"ix":5},"nm":"Transform"}],"nm":"Path","np":3,"cix":2,"bm":0,"ix":1,"mn":"ADBE Vector Group","hd":false}],"ip":0,"op":120,"st":0,"bm":0},{"ddd":0,"ind":4,"ty":0,"nm":"bubble","tt":1,"refId":"comp_14","sr":1,"ks":{"o":{"a":0,"k":100,"ix":11},"r":{"a":1,"k":[{"i":{"x":[0.28],"y":[1]},"o":{"x":[0.122],"y":[0]},"t":0,"s":[-40]},{"i":{"x":[0.448],"y":[1]},"o":{"x":[0.409],"y":[0]},"t":39.199,"s":[5]},{"t":56.83984375,"s":[0]}],"ix":10},"p":{"a":0,"k":[91.25,164.25,0],"ix":2},"a":{"a":0,"k":[91.25,164.25,0],"ix":1},"s":{"a":1,"k":[{"i":{"x":[0.28,0.28,0.667],"y":[1,1,1]},"o":{"x":[0.122,0.122,0.333],"y":[0,0,0]},"t":0,"s":[20,20,100]},{"i":{"x":[0.334,0.334,0.667],"y":[1,1,1]},"o":{"x":[0.326,0.326,0.333],"y":[0,0,0]},"t":39.199,"s":[110,110,100]},{"t":64.6796875,"s":[100,100,100]}],"ix":6}},"ao":0,"w":210,"h":210,"ip":0,"op":39600,"st":0,"bm":0},{"ddd":0,"ind":5,"ty":4,"nm":"round base","sr":1,"ks":{"o":{"a":0,"k":100,"ix":11},"r":{"a":0,"k":0,"ix":10},"p":{"a":0,"k":[105,105,0],"ix":2},"a":{"a":0,"k":[0,0,0],"ix":1},"s":{"a":1,"k":[{"i":{"x":[0.005,0.005,0.667],"y":[1.148,1.148,1]},"o":{"x":[0.025,0.025,0.333],"y":[0.49,0.49,0]},"t":0,"s":[0,0,100]},{"t":30,"s":[100,100,100]}],"ix":6}},"ao":0,"shapes":[{"ty":"gr","it":[{"ind":0,"ty":"sh","ix":1,"ks":{"a":0,"k":{"i":[[55.228,0],[0,-55.227],[-55.229,0],[0,55.23]],"o":[[-55.229,0],[0,55.23],[55.228,0],[0,-55.227]],"v":[[66.463,-94.664],[-33.537,5.335],[66.463,105.336],[166.463,5.335]],"c":true},"ix":2},"nm":"Path 1","mn":"ADBE Vector Shape - Group","hd":false},{"ty":"fl","c":{"a":0,"k":[0.937254901961,0.780392156863,0.36862745098,1],"ix":4},"o":{"a":0,"k":100,"ix":5},"r":1,"bm":0,"nm":"Fill 1","mn":"ADBE Vector Graphic - Fill","hd":false},{"ty":"tr","p":{"a":0,"k":[-66.463,-5.334],"ix":2},"a":{"a":0,"k":[0,0],"ix":1},"s":{"a":0,"k":[100,100],"ix":3},"r":{"a":0,"k":0,"ix":6},"o":{"a":0,"k":100,"ix":7},"sk":{"a":0,"k":0,"ix":4},"sa":{"a":0,"k":0,"ix":5},"nm":"Transform"}],"nm":"Path","np":3,"cix":2,"bm":0,"ix":1,"mn":"ADBE Vector Group","hd":false}],"ip":0,"op":120,"st":0,"bm":0}]},{"id":"comp_13","layers":[{"ddd":0,"ind":1,"ty":4,"nm":"dots","sr":1,"ks":{"o":{"a":0,"k":100,"ix":11},"r":{"a":0,"k":0,"ix":10},"p":{"a":0,"k":[95,105,0],"ix":2},"a":{"a":0,"k":[0,0,0],"ix":1},"s":{"a":0,"k":[100,100,100],"ix":6}},"ao":0,"shapes":[{"ty":"gr","it":[{"ind":0,"ty":"sh","ix":1,"ks":{"a":0,"k":{"i":[[-4.418,0],[0,-4.419],[4.418,0],[0,4.42]],"o":[[4.418,0],[0,4.42],[-4.418,0],[0,-4.419]],"v":[[138.463,-22.664],[146.463,-14.662],[138.463,-6.661],[130.463,-14.662]],"c":true},"ix":2},"nm":"Path 3","mn":"ADBE Vector Shape - Group","hd":false},{"ty":"fl","c":{"a":0,"k":[1,1,1,1],"ix":4},"o":{"a":0,"k":100,"ix":5},"r":1,"bm":0,"nm":"Fill 1","mn":"ADBE Vector Graphic - Fill","hd":false},{"ty":"tr","p":{"a":1,"k":[{"i":{"x":0.224,"y":1},"o":{"x":0.333,"y":0},"t":54,"s":[-86.463,-5.334],"to":[3.333,0],"ti":[-3.333,0]},{"i":{"x":0.224,"y":0.224},"o":{"x":0.167,"y":0.167},"t":94,"s":[-66.463,-5.334],"to":[0,0],"ti":[0,0]},{"i":{"x":0.224,"y":1},"o":{"x":0.167,"y":0},"t":120,"s":[-66.463,-5.334],"to":[3.333,0],"ti":[-3.333,0]},{"i":{"x":0.224,"y":0.224},"o":{"x":0.167,"y":0.167},"t":145.801,"s":[-46.463,-5.334],"to":[0,0],"ti":[0,0]},{"i":{"x":0.833,"y":1},"o":{"x":0.167,"y":0},"t":163.801,"s":[-46.463,-5.334],"to":[-6.667,0],"ti":[3.333,0]},{"i":{"x":0.224,"y":1},"o":{"x":0.333,"y":0},"t":165.6,"s":[-86.463,-5.334],"to":[-3.333,0],"ti":[-3.333,0]},{"t":195.599609375,"s":[-66.463,-5.334]}],"ix":2},"a":{"a":0,"k":[0,0],"ix":1},"s":{"a":0,"k":[100,100],"ix":3},"r":{"a":0,"k":0,"ix":6},"o":{"a":1,"k":[{"i":{"x":[0.224],"y":[1]},"o":{"x":[0.333],"y":[0]},"t":54,"s":[0]},{"i":{"x":[0.833],"y":[1]},"o":{"x":[0.167],"y":[0]},"t":94,"s":[100]},{"i":{"x":[0.833],"y":[1]},"o":{"x":[0.167],"y":[0]},"t":120,"s":[100]},{"i":{"x":[0.833],"y":[1]},"o":{"x":[0.167],"y":[0]},"t":144,"s":[0]},{"i":{"x":[0.833],"y":[1]},"o":{"x":[0.167],"y":[0]},"t":163.801,"s":[0]},{"i":{"x":[0.224],"y":[1]},"o":{"x":[0.333],"y":[0]},"t":165.6,"s":[0]},{"t":195.599609375,"s":[100]}],"ix":7},"sk":{"a":0,"k":0,"ix":4},"sa":{"a":0,"k":0,"ix":5},"nm":"Transform"}],"nm":"Path 3","np":3,"cix":2,"bm":0,"ix":1,"mn":"ADBE Vector Group","hd":false},{"ty":"gr","it":[{"ind":0,"ty":"sh","ix":1,"ks":{"a":0,"k":{"i":[[-4.418,0],[0,-4.419],[4.418,0],[0,4.42]],"o":[[4.418,0],[0,4.42],[-4.418,0],[0,-4.419]],"v":[[110.464,-22.664],[118.463,-14.662],[110.464,-6.661],[102.463,-14.662]],"c":true},"ix":2},"nm":"Path 2","mn":"ADBE Vector Shape - Group","hd":false},{"ty":"fl","c":{"a":0,"k":[1,1,1,1],"ix":4},"o":{"a":0,"k":100,"ix":5},"r":1,"bm":0,"nm":"Fill 1","mn":"ADBE Vector Graphic - Fill","hd":false},{"ty":"tr","p":{"a":1,"k":[{"i":{"x":0.224,"y":1},"o":{"x":0.333,"y":0},"t":66,"s":[-86.463,-5.334],"to":[3.333,0],"ti":[-3.333,0]},{"i":{"x":0.224,"y":0.224},"o":{"x":0.167,"y":0.167},"t":106,"s":[-66.463,-5.334],"to":[0,0],"ti":[0,0]},{"i":{"x":0.224,"y":1},"o":{"x":0.167,"y":0},"t":130.801,"s":[-66.463,-5.334],"to":[3.333,0],"ti":[-3.333,0]},{"i":{"x":0.224,"y":0.224},"o":{"x":0.167,"y":0.167},"t":156.6,"s":[-46.463,-5.334],"to":[0,0],"ti":[0,0]},{"i":{"x":0.833,"y":1},"o":{"x":0.167,"y":0},"t":171,"s":[-46.463,-5.334],"to":[-6.667,0],"ti":[3.333,0]},{"i":{"x":0.224,"y":1},"o":{"x":0.333,"y":0},"t":172.801,"s":[-86.463,-5.334],"to":[-3.333,0],"ti":[-3.333,0]},{"t":202.80078125,"s":[-66.463,-5.334]}],"ix":2},"a":{"a":0,"k":[0,0],"ix":1},"s":{"a":0,"k":[100,100],"ix":3},"r":{"a":0,"k":0,"ix":6},"o":{"a":1,"k":[{"i":{"x":[0.224],"y":[1]},"o":{"x":[0.333],"y":[0]},"t":66,"s":[0]},{"i":{"x":[0.833],"y":[1]},"o":{"x":[0.167],"y":[0]},"t":106,"s":[100]},{"i":{"x":[0.833],"y":[1]},"o":{"x":[0.167],"y":[0]},"t":130.801,"s":[100]},{"i":{"x":[0.833],"y":[1]},"o":{"x":[0.167],"y":[0]},"t":156,"s":[0]},{"i":{"x":[0.833],"y":[1]},"o":{"x":[0.167],"y":[0]},"t":171,"s":[0]},{"i":{"x":[0.224],"y":[1]},"o":{"x":[0.333],"y":[0]},"t":172.801,"s":[0]},{"t":202.80078125,"s":[100]}],"ix":7},"sk":{"a":0,"k":0,"ix":4},"sa":{"a":0,"k":0,"ix":5},"nm":"Transform"}],"nm":"Path 2","np":3,"cix":2,"bm":0,"ix":2,"mn":"ADBE Vector Group","hd":false},{"ty":"gr","it":[{"ind":0,"ty":"sh","ix":1,"ks":{"a":0,"k":{"i":[[-4.418,0],[0,-4.419],[4.418,0],[0,4.42]],"o":[[4.418,0],[0,4.42],[-4.418,0],[0,-4.419]],"v":[[82.463,-22.664],[90.464,-14.662],[82.463,-6.661],[74.464,-14.662]],"c":true},"ix":2},"nm":"Path 1","mn":"ADBE Vector Shape - Group","hd":false},{"ty":"fl","c":{"a":0,"k":[1,1,1,1],"ix":4},"o":{"a":0,"k":100,"ix":5},"r":1,"bm":0,"nm":"Fill 1","mn":"ADBE Vector Graphic - Fill","hd":false},{"ty":"tr","p":{"a":1,"k":[{"i":{"x":0.224,"y":1},"o":{"x":0.333,"y":0},"t":80,"s":[-86.463,-5.334],"to":[3.333,0],"ti":[-3.333,0]},{"i":{"x":0.224,"y":0.224},"o":{"x":0.333,"y":0.333},"t":120,"s":[-66.463,-5.334],"to":[0,0],"ti":[0,0]},{"i":{"x":0.224,"y":1},"o":{"x":0.333,"y":0},"t":139.801,"s":[-66.463,-5.334],"to":[3.333,0],"ti":[-3.333,0]},{"i":{"x":0.224,"y":0.224},"o":{"x":0.167,"y":0.167},"t":165.6,"s":[-46.463,-5.334],"to":[0,0],"ti":[0,0]},{"i":{"x":0.667,"y":1},"o":{"x":0.167,"y":0},"t":178.199,"s":[-46.463,-5.334],"to":[-6.667,0],"ti":[3.333,0]},{"i":{"x":0.224,"y":1},"o":{"x":0.333,"y":0},"t":180,"s":[-86.463,-5.334],"to":[-3.333,0],"ti":[-3.333,0]},{"t":210,"s":[-66.463,-5.334]}],"ix":2},"a":{"a":0,"k":[0,0],"ix":1},"s":{"a":0,"k":[100,100],"ix":3},"r":{"a":0,"k":0,"ix":6},"o":{"a":1,"k":[{"i":{"x":[0.224],"y":[1]},"o":{"x":[0.333],"y":[0]},"t":80,"s":[0]},{"i":{"x":[0.833],"y":[1]},"o":{"x":[0.333],"y":[0]},"t":120,"s":[100]},{"i":{"x":[0.833],"y":[1]},"o":{"x":[0.167],"y":[0]},"t":139.801,"s":[100]},{"i":{"x":[0.833],"y":[1]},"o":{"x":[0.167],"y":[0]},"t":164,"s":[0]},{"i":{"x":[0.667],"y":[1]},"o":{"x":[0.167],"y":[0]},"t":178.199,"s":[0]},{"i":{"x":[0.224],"y":[1]},"o":{"x":[0.333],"y":[0]},"t":180,"s":[0]},{"t":210,"s":[100]}],"ix":7},"sk":{"a":0,"k":0,"ix":4},"sa":{"a":0,"k":0,"ix":5},"nm":"Transform"}],"nm":"Path","np":3,"cix":2,"bm":0,"ix":3,"mn":"ADBE Vector Group","hd":false}],"ip":0,"op":39600,"st":0,"bm":0},{"ddd":0,"ind":3,"ty":4,"nm":"bubble","sr":1,"ks":{"o":{"a":0,"k":100,"ix":11},"r":{"a":0,"k":0,"ix":10},"p":{"a":0,"k":[95,105,0],"ix":2},"a":{"a":0,"k":[0,0,0],"ix":1},"s":{"a":0,"k":[100,100,100],"ix":6}},"ao":0,"shapes":[{"ty":"gr","it":[{"ind":0,"ty":"sh","ix":1,"ks":{"a":0,"k":{"i":[[23.604,10.362],[11.618,0],[0,-28.639],[-21.993,-8.205],[4.658,-4.796],[-13.273,10.303],[-3.122,0],[-10.955,15.833],[0,14.457]],"o":[[-9.392,-4.385],[-35.346,0],[0,20.904],[-1.755,5.848],[0.179,0.311],[3.002,0.35],[23.997,0],[0.094,-1.774],[0,-15.843]],"v":[[142.359,-59.778],[110.463,-66.684],[46.463,-14.828],[83.732,32.285],[74.463,49.016],[101.272,36.486],[110.463,37.026],[166.316,10.485],[174.713,-15.123]],"c":true},"ix":2},"nm":"Path 1","mn":"ADBE Vector Shape - Group","hd":false},{"ty":"fl","c":{"a":0,"k":[0.149019607843,0.650980392157,0.819607843137,1],"ix":4},"o":{"a":0,"k":100,"ix":5},"r":1,"bm":0,"nm":"Fill 1","mn":"ADBE Vector Graphic - Fill","hd":false},{"ty":"tr","p":{"a":0,"k":[-66.463,-5.334],"ix":2},"a":{"a":0,"k":[0,0],"ix":1},"s":{"a":0,"k":[100,100],"ix":3},"r":{"a":0,"k":0,"ix":6},"o":{"a":0,"k":100,"ix":7},"sk":{"a":0,"k":0,"ix":4},"sa":{"a":0,"k":0,"ix":5},"nm":"Transform"}],"nm":"Path","np":3,"cix":2,"bm":0,"ix":1,"mn":"ADBE Vector Group","hd":false}],"ip":0,"op":39600,"st":0,"bm":0}]},{"id":"comp_14","layers":[{"ddd":0,"ind":1,"ty":4,"nm":"dots","sr":1,"ks":{"o":{"a":0,"k":100,"ix":11},"r":{"a":0,"k":0,"ix":10},"p":{"a":0,"k":[105,105,0],"ix":2},"a":{"a":0,"k":[0,0,0],"ix":1},"s":{"a":0,"k":[100,100,100],"ix":6}},"ao":0,"shapes":[{"ty":"gr","it":[{"ind":0,"ty":"sh","ix":1,"ks":{"a":0,"k":{"i":[[-2.761,0],[0,-2.761],[2.761,0],[0,2.762]],"o":[[2.761,0],[0,2.762],[-2.761,0],[0,-2.761]],"v":[[31.463,17.337],[36.463,22.336],[31.463,27.335],[26.463,22.336]],"c":true},"ix":2},"nm":"Path 2","mn":"ADBE Vector Shape - Group","hd":false},{"ty":"fl","c":{"a":0,"k":[1,1,1,1],"ix":4},"o":{"a":0,"k":100,"ix":5},"r":1,"bm":0,"nm":"Fill 1","mn":"ADBE Vector Graphic - Fill","hd":false},{"ty":"tr","p":{"a":1,"k":[{"i":{"x":0.346,"y":1},"o":{"x":0.333,"y":0},"t":26,"s":[-86.463,-5.334],"to":[3.333,0],"ti":[-3.333,0]},{"i":{"x":0.346,"y":0.346},"o":{"x":0.333,"y":0.333},"t":70,"s":[-66.463,-5.334],"to":[0,0],"ti":[0,0]},{"i":{"x":0.346,"y":1},"o":{"x":0.333,"y":0},"t":120,"s":[-66.463,-5.334],"to":[3.333,0],"ti":[-3.333,0]},{"i":{"x":0.346,"y":0.346},"o":{"x":0.167,"y":0.167},"t":142,"s":[-46.463,-5.334],"to":[0,0],"ti":[0,0]},{"i":{"x":0.667,"y":1},"o":{"x":0.167,"y":0},"t":154,"s":[-46.463,-5.334],"to":[-6.667,0],"ti":[3.333,0]},{"i":{"x":0.346,"y":1},"o":{"x":0.333,"y":0},"t":156,"s":[-86.463,-5.334],"to":[-3.333,0],"ti":[-3.333,0]},{"t":200,"s":[-66.463,-5.334]}],"ix":2},"a":{"a":0,"k":[0,0],"ix":1},"s":{"a":0,"k":[100,100],"ix":3},"r":{"a":0,"k":0,"ix":6},"o":{"a":1,"k":[{"i":{"x":[0.346],"y":[1]},"o":{"x":[0.333],"y":[0]},"t":26,"s":[0]},{"i":{"x":[0.833],"y":[1]},"o":{"x":[0.333],"y":[0]},"t":70,"s":[100]},{"i":{"x":[0.833],"y":[1]},"o":{"x":[0.167],"y":[0]},"t":120,"s":[100]},{"i":{"x":[0.833],"y":[1]},"o":{"x":[0.167],"y":[0]},"t":142,"s":[0]},{"i":{"x":[0.667],"y":[1]},"o":{"x":[0.167],"y":[0]},"t":154,"s":[0]},{"i":{"x":[0.346],"y":[1]},"o":{"x":[0.333],"y":[0]},"t":156,"s":[0]},{"t":200,"s":[100]}],"ix":7},"sk":{"a":0,"k":0,"ix":4},"sa":{"a":0,"k":0,"ix":5},"nm":"Transform"}],"nm":"Path 2","np":3,"cix":2,"bm":0,"ix":1,"mn":"ADBE Vector Group","hd":false},{"ty":"gr","it":[{"ind":0,"ty":"sh","ix":1,"ks":{"a":0,"k":{"i":[[-2.761,0],[0,-2.761],[2.761,0],[0,2.762]],"o":[[2.761,0],[0,2.762],[-2.761,0],[0,-2.761]],"v":[[15.463,17.337],[20.463,22.336],[15.463,27.335],[10.463,22.336]],"c":true},"ix":2},"nm":"Path 1","mn":"ADBE Vector Shape - Group","hd":false},{"ty":"fl","c":{"a":0,"k":[1,1,1,1],"ix":4},"o":{"a":0,"k":100,"ix":5},"r":1,"bm":0,"nm":"Fill 1","mn":"ADBE Vector Graphic - Fill","hd":false},{"ty":"tr","p":{"a":1,"k":[{"i":{"x":0.346,"y":1},"o":{"x":0.333,"y":0},"t":44,"s":[-86.463,-5.334],"to":[3.333,0],"ti":[-3.333,0]},{"i":{"x":0.346,"y":0.346},"o":{"x":0.333,"y":0.333},"t":88,"s":[-66.463,-5.334],"to":[0,0],"ti":[0,0]},{"i":{"x":0.346,"y":1},"o":{"x":0.333,"y":0},"t":132,"s":[-66.463,-5.334],"to":[3.333,0],"ti":[-3.333,0]},{"i":{"x":0.346,"y":0.346},"o":{"x":0.333,"y":0.333},"t":156,"s":[-46.463,-5.334],"to":[0,0],"ti":[0,0]},{"i":{"x":0.667,"y":1},"o":{"x":0.333,"y":0},"t":170,"s":[-46.463,-5.334],"to":[-6.667,0],"ti":[3.333,0]},{"i":{"x":0.346,"y":1},"o":{"x":0.333,"y":0},"t":172,"s":[-86.463,-5.334],"to":[-3.333,0],"ti":[-3.333,0]},{"t":216,"s":[-66.463,-5.334]}],"ix":2},"a":{"a":0,"k":[0,0],"ix":1},"s":{"a":0,"k":[100,100],"ix":3},"r":{"a":0,"k":0,"ix":6},"o":{"a":1,"k":[{"i":{"x":[0.346],"y":[1]},"o":{"x":[0.333],"y":[0]},"t":44,"s":[0]},{"i":{"x":[0.833],"y":[1]},"o":{"x":[0.333],"y":[0]},"t":88,"s":[100]},{"i":{"x":[0.833],"y":[1]},"o":{"x":[0.167],"y":[0]},"t":132,"s":[100]},{"i":{"x":[0.833],"y":[1]},"o":{"x":[0.167],"y":[0]},"t":156,"s":[0]},{"i":{"x":[0.667],"y":[1]},"o":{"x":[0.167],"y":[0]},"t":170,"s":[0]},{"i":{"x":[0.346],"y":[1]},"o":{"x":[0.333],"y":[0]},"t":172,"s":[0]},{"t":216,"s":[100]}],"ix":7},"sk":{"a":0,"k":0,"ix":4},"sa":{"a":0,"k":0,"ix":5},"nm":"Transform"}],"nm":"Path","np":3,"cix":2,"bm":0,"ix":2,"mn":"ADBE Vector Group","hd":false}],"ip":0,"op":39600,"st":0,"bm":0},{"ddd":0,"ind":6,"ty":4,"nm":"bubble","sr":1,"ks":{"o":{"a":0,"k":100,"ix":11},"r":{"a":0,"k":0,"ix":10},"p":{"a":0,"k":[105,105,0],"ix":2},"a":{"a":0,"k":[0,0,0],"ix":1},"s":{"a":0,"k":[100,100,100],"ix":6}},"ao":0,"shapes":[{"ty":"gr","it":[{"ind":0,"ty":"sh","ix":1,"ks":{"a":0,"k":{"i":[[0,14.053],[23.748,0],[0,-19.257],[-23.748,0],[-2.008,0.233],[-0.121,0.211],[1.178,3.942]],"o":[[0,-19.257],[-23.748,0],[0,19.259],[2.088,0],[8.932,6.956],[-3.138,-3.233],[14.768,-5.52]],"v":[[72.463,22.185],[29.463,-12.684],[-13.537,22.185],[29.463,57.054],[35.595,56.659],[53.65,65.115],[47.423,53.836]],"c":true},"ix":2},"nm":"Path 1","mn":"ADBE Vector Shape - Group","hd":false},{"ty":"fl","c":{"a":0,"k":[0.890196078431,0.474509803922,0.282352941176,1],"ix":4},"o":{"a":0,"k":100,"ix":5},"r":1,"bm":0,"nm":"Fill 1","mn":"ADBE Vector Graphic - Fill","hd":false},{"ty":"tr","p":{"a":0,"k":[-66.463,-5.334],"ix":2},"a":{"a":0,"k":[0,0],"ix":1},"s":{"a":0,"k":[100,100],"ix":3},"r":{"a":0,"k":0,"ix":6},"o":{"a":0,"k":100,"ix":7},"sk":{"a":0,"k":0,"ix":4},"sa":{"a":0,"k":0,"ix":5},"nm":"Transform"}],"nm":"Path","np":3,"cix":2,"bm":0,"ix":1,"mn":"ADBE Vector Group","hd":false}],"ip":0,"op":39600,"st":0,"bm":0}]},{"id":"comp_15","layers":[{"ddd":0,"ind":1,"ty":4,"nm":"round base 2","td":1,"sr":1,"ks":{"o":{"a":0,"k":100,"ix":11},"r":{"a":0,"k":0,"ix":10},"p":{"a":0,"k":[105,105,0],"ix":2},"a":{"a":0,"k":[0,0,0],"ix":1},"s":{"a":0,"k":[100,100,100],"ix":6}},"ao":0,"shapes":[{"ty":"gr","it":[{"ind":0,"ty":"sh","ix":1,"ks":{"a":0,"k":{"i":[[55.228,0],[0,-55.227],[-55.229,0],[0,55.23]],"o":[[-55.229,0],[0,55.23],[55.228,0],[0,-55.227]],"v":[[66.463,-94.664],[-33.537,5.335],[66.463,105.336],[166.463,5.335]],"c":true},"ix":2},"nm":"Path 1","mn":"ADBE Vector Shape - Group","hd":false},{"ty":"fl","c":{"a":0,"k":[0.937254901961,0.780392156863,0.36862745098,1],"ix":4},"o":{"a":0,"k":100,"ix":5},"r":1,"bm":0,"nm":"Fill 1","mn":"ADBE Vector Graphic - Fill","hd":false},{"ty":"tr","p":{"a":0,"k":[-66.463,-5.334],"ix":2},"a":{"a":0,"k":[0,0],"ix":1},"s":{"a":0,"k":[100,100],"ix":3},"r":{"a":0,"k":0,"ix":6},"o":{"a":0,"k":100,"ix":7},"sk":{"a":0,"k":0,"ix":4},"sa":{"a":0,"k":0,"ix":5},"nm":"Transform"}],"nm":"Path","np":3,"cix":2,"bm":0,"ix":1,"mn":"ADBE Vector Group","hd":false}],"ip":0,"op":92,"st":0,"bm":0},{"ddd":0,"ind":2,"ty":0,"nm":"bubble 2","tt":1,"refId":"comp_13","sr":1,"ks":{"o":{"a":0,"k":100,"ix":11},"r":{"a":1,"k":[{"i":{"x":[0.45],"y":[1]},"o":{"x":[0.333],"y":[0]},"t":0,"s":[0]},{"i":{"x":[0.26],"y":[1]},"o":{"x":[0.493],"y":[0]},"t":10,"s":[5]},{"i":{"x":[0.341],"y":[1]},"o":{"x":[0.504],"y":[0]},"t":26,"s":[-10]},{"t":46,"s":[0]}],"ix":10},"p":{"a":0,"k":[113.5,148.25,0],"ix":2},"a":{"a":0,"k":[103.5,148.25,0],"ix":1},"s":{"a":1,"k":[{"i":{"x":[0.549,0.549,0.667],"y":[1,1,1]},"o":{"x":[0.527,0.527,0.333],"y":[0,0,0]},"t":0,"s":[100,100,100]},{"i":{"x":[0.242,0.242,0.667],"y":[1,1,1]},"o":{"x":[0.452,0.452,0.333],"y":[0,0,0]},"t":12,"s":[95,95,100]},{"i":{"x":[0.327,0.327,0.667],"y":[1,1,1]},"o":{"x":[0.342,0.342,0.333],"y":[0,0,0]},"t":28,"s":[105,105,100]},{"t":48,"s":[100,100,100]}],"ix":6}},"ao":0,"w":210,"h":210,"ip":-120,"op":92,"st":-120,"bm":0},{"ddd":0,"ind":4,"ty":0,"nm":"bubble","refId":"comp_14","sr":1,"ks":{"o":{"a":0,"k":100,"ix":11},"r":{"a":1,"k":[{"i":{"x":[0.45],"y":[1]},"o":{"x":[0.333],"y":[0]},"t":20,"s":[0]},{"i":{"x":[0.26],"y":[1]},"o":{"x":[0.493],"y":[0]},"t":30,"s":[-5]},{"i":{"x":[0.341],"y":[1]},"o":{"x":[0.504],"y":[0]},"t":46,"s":[10]},{"t":66,"s":[0]}],"ix":10},"p":{"a":0,"k":[91.25,164.25,0],"ix":2},"a":{"a":0,"k":[91.25,164.25,0],"ix":1},"s":{"a":1,"k":[{"i":{"x":[0.549,0.549,0.667],"y":[1,1,1]},"o":{"x":[0.527,0.527,0.333],"y":[0,0,0]},"t":20,"s":[100,100,100]},{"i":{"x":[0.242,0.242,0.667],"y":[1,1,1]},"o":{"x":[0.452,0.452,0.333],"y":[0,0,0]},"t":32,"s":[95,95,100]},{"i":{"x":[0.327,0.327,0.667],"y":[1,1,1]},"o":{"x":[0.342,0.342,0.333],"y":[0,0,0]},"t":48,"s":[105,105,100]},{"t":68,"s":[100,100,100]}],"ix":6}},"ao":0,"w":210,"h":210,"ip":-120,"op":92,"st":-120,"bm":0},{"ddd":0,"ind":5,"ty":4,"nm":"round base","sr":1,"ks":{"o":{"a":0,"k":100,"ix":11},"r":{"a":0,"k":0,"ix":10},"p":{"a":0,"k":[105,105,0],"ix":2},"a":{"a":0,"k":[0,0,0],"ix":1},"s":{"a":0,"k":[100,100,100],"ix":6}},"ao":0,"shapes":[{"ty":"gr","it":[{"ind":0,"ty":"sh","ix":1,"ks":{"a":0,"k":{"i":[[55.228,0],[0,-55.227],[-55.229,0],[0,55.23]],"o":[[-55.229,0],[0,55.23],[55.228,0],[0,-55.227]],"v":[[66.463,-94.664],[-33.537,5.335],[66.463,105.336],[166.463,5.335]],"c":true},"ix":2},"nm":"Path 1","mn":"ADBE Vector Shape - Group","hd":false},{"ty":"fl","c":{"a":0,"k":[0.937254901961,0.780392156863,0.36862745098,1],"ix":4},"o":{"a":0,"k":100,"ix":5},"r":1,"bm":0,"nm":"Fill 1","mn":"ADBE Vector Graphic - Fill","hd":false},{"ty":"tr","p":{"a":0,"k":[-66.463,-5.334],"ix":2},"a":{"a":0,"k":[0,0],"ix":1},"s":{"a":0,"k":[100,100],"ix":3},"r":{"a":0,"k":0,"ix":6},"o":{"a":0,"k":100,"ix":7},"sk":{"a":0,"k":0,"ix":4},"sa":{"a":0,"k":0,"ix":5},"nm":"Transform"}],"nm":"Path","np":3,"cix":2,"bm":0,"ix":1,"mn":"ADBE Vector Group","hd":false}],"ip":0,"op":92,"st":0,"bm":0}]}],"layers":[{"ddd":0,"ind":1,"ty":0,"nm":"cup in-loop","refId":"comp_0","sr":1,"ks":{"o":{"a":0,"k":100,"ix":11},"r":{"a":0,"k":0,"ix":10},"p":{"a":0,"k":[115,115,0],"ix":2},"a":{"a":0,"k":[105,105,0],"ix":1},"s":{"a":1,"k":[{"i":{"x":[0.074,0.074,0.667],"y":[1,1,1]},"o":{"x":[0.333,0.333,0.333],"y":[0,0,0]},"t":269.377,"s":[100,100,100]},{"t":285.376953125,"s":[0,0,100]}],"ix":6}},"ao":0,"w":210,"h":210,"ip":0,"op":284,"st":0,"bm":0},{"ddd":0,"ind":2,"ty":0,"nm":"chat in-loop","refId":"comp_11","sr":1,"ks":{"o":{"a":0,"k":100,"ix":11},"r":{"a":0,"k":0,"ix":10},"p":{"a":0,"k":[115,115,0],"ix":2},"a":{"a":0,"k":[105,105,0],"ix":1},"s":{"a":1,"k":[{"i":{"x":[0.074,0.074,0.667],"y":[1,1,1]},"o":{"x":[0.333,0.333,0.333],"y":[0,0,0]},"t":528,"s":[100,100,100]},{"t":544,"s":[0,0,100]}],"ix":6}},"ao":0,"w":210,"h":210,"ip":268,"op":560,"st":268,"bm":0},{"ddd":0,"ind":3,"ty":4,"nm":"Doubtnut Icon Outlines 2","sr":1,"ks":{"o":{"a":0,"k":40,"ix":11},"r":{"a":0,"k":0,"ix":10},"p":{"a":0,"k":[115,115,0],"ix":2},"a":{"a":0,"k":[12,12,0],"ix":1},"s":{"a":0,"k":[573,573,100],"ix":6}},"ao":0,"shapes":[{"ty":"gr","it":[{"ind":0,"ty":"sh","ix":1,"ks":{"a":0,"k":{"i":[[-0.001,1.383],[1.467,0.007],[0,-1.435],[-1.455,-0.002]],"o":[[0.001,-1.473],[-1.441,-0.006],[-0.001,1.435],[1.42,0.002]],"v":[[-0.464,3.08],[-3.081,0.437],[-5.7,3.032],[-3.079,5.621]],"c":true},"ix":2},"nm":"Path 1","mn":"ADBE Vector Shape - Group","hd":false},{"ind":1,"ty":"sh","ix":2,"ks":{"a":0,"k":{"i":[[-0.244,-0.1],[-0.232,-0.095],[-0.19,-0.079],[-0.088,-0.036],[0,0],[-0.162,-0.012],[-0.355,-0.048],[-0.12,-0.139],[0,0],[0.153,0],[0.429,0.005],[0,-0.13],[0.001,-0.881],[0,-0.543],[0,-0.325],[-0.007,-1.287],[0.283,-0.553],[1.067,-0.625],[1.096,0.14],[0.815,0.71],[-0.314,2.175],[-1.215,0.914],[-1.541,-0.279],[-0.202,-0.054],[-0.094,-0.024],[-0.002,0.003],[0,0.009],[0,0.351],[-0.002,0.709],[0.065,0.014],[0.894,-0.096],[1.184,-0.844],[0.416,-2.548],[-0.17,-0.985],[-1.1,-1.259],[-2.126,-0.28],[-1.039,0.257],[-1.235,2.109],[-0.098,1.318],[0,0.461],[0,0.097],[-0.003,1.722],[-0.001,0.624],[0,0.022],[-0.001,0.048],[-0.005,0.029],[-0.003,0.02],[-0.372,-0.397],[-0.008,0.019],[-0.012,0.03],[-0.08,0.195],[-0.283,0.702],[-0.112,-0.05],[-0.223,-0.083],[-0.037,-0.113],[-0.326,-0.975],[-0.037,-0.112],[-0.2,0.073],[-0.096,0.035],[-0.047,0.017],[0.077,0.231],[0.108,0.322],[0.127,0.38],[0.031,0.097],[0.017,0.055],[-0.023,-0.008],[-0.034,-0.014],[-0.087,-0.036],[-0.142,-0.057],[-0.08,0.196],[0,0],[-0.104,0.268],[0.275,0.113],[1.213,0.496],[0.932,0.382],[0.822,0.337],[0.261,0.107],[0.347,0.142],[0.115,-0.279],[0.102,-0.255],[-0.246,-0.1]],"o":[[0.231,0.095],[0.184,0.076],[0.085,0.034],[0,0],[0.164,0.014],[0.363,0.027],[0.599,0.081],[0,0],[-0.154,0],[-0.429,0.001],[-0.123,-0.001],[0.001,0.881],[-0.002,0.543],[0,0.324],[-0.002,1.287],[0.004,0.635],[-0.581,1.136],[-0.957,0.561],[-1.051,-0.134],[-1.618,-1.407],[0.224,-1.549],[1.269,-0.954],[0.204,0.037],[0.093,0.024],[0.001,-0.002],[0.002,-0.007],[0.001,-0.35],[0,-0.708],[0,-0.081],[-0.879,-0.183],[-1.426,0.154],[-2.037,1.453],[-0.161,0.988],[0.289,1.675],[1.447,1.656],[1.058,0.14],[2.285,-0.565],[0.661,-1.129],[0.034,-0.458],[0,-0.096],[0.006,-1.722],[0.001,-0.625],[0.001,-0.023],[0,-0.048],[0.001,-0.022],[0.003,-0.016],[0.452,0.302],[0.009,-0.023],[0.016,-0.035],[0.08,-0.194],[0.287,-0.7],[0.048,-0.119],[0.217,0.098],[0.108,0.04],[0.322,0.976],[0.037,0.111],[0.069,0.205],[0.097,-0.035],[0.047,-0.017],[0.217,-0.079],[-0.108,-0.323],[-0.127,-0.38],[-0.029,-0.086],[-0.015,-0.048],[0.029,0.011],[0.044,0.016],[0.087,0.036],[0.142,0.058],[0.195,0.078],[0,0],[0.109,-0.265],[0.111,-0.287],[-1.212,-0.497],[-0.932,-0.382],[-0.822,-0.336],[-0.261,-0.107],[-0.347,-0.143],[-0.275,-0.112],[-0.104,0.254],[-0.1,0.25],[0.243,0.1]],"v":[[0.879,-9.985],[1.574,-9.701],[2.133,-9.47],[2.391,-9.364],[1.196,-6.441],[1.685,-6.403],[2.761,-6.302],[4.248,-5.816],[4.092,-5.816],[3.632,-5.815],[2.344,-5.819],[2.185,-5.655],[2.183,-3.012],[2.18,-1.383],[2.179,-0.409],[2.182,3.451],[1.753,5.227],[-0.753,7.837],[-3.829,8.508],[-6.652,7.272],[-8.639,1.879],[-6.435,-1.825],[-2.206,-2.828],[-1.599,-2.683],[-1.319,-2.61],[-1.316,-2.617],[-1.31,-2.643],[-1.309,-3.694],[-1.307,-5.819],[-1.412,-5.934],[-4.071,-6.075],[-7.998,-4.598],[-11.695,1.4],[-11.675,4.364],[-9.598,8.776],[-4.228,11.676],[-1.079,11.493],[4.249,7.543],[5.378,3.861],[5.412,2.481],[5.412,2.192],[5.424,-2.974],[5.427,-4.847],[5.427,-4.914],[5.428,-5.058],[5.438,-5.132],[5.447,-5.185],[6.649,-4.127],[6.676,-4.189],[6.717,-4.284],[6.956,-4.867],[7.813,-6.969],[8.023,-7.063],[8.684,-6.789],[8.885,-6.572],[9.859,-3.646],[9.971,-3.311],[10.307,-3.147],[10.597,-3.252],[10.738,-3.303],[10.91,-3.682],[10.586,-4.65],[10.205,-5.789],[10.118,-6.06],[10.07,-6.214],[10.148,-6.185],[10.261,-6.142],[10.522,-6.034],[10.948,-5.86],[11.376,-6.044],[11.377,-6.047],[11.699,-6.846],[11.485,-7.367],[7.848,-8.858],[5.051,-10.003],[2.585,-11.012],[1.802,-11.333],[0.761,-11.761],[0.252,-11.541],[-0.057,-10.778],[0.149,-10.284]],"c":true},"ix":2},"nm":"Path 2","mn":"ADBE Vector Shape - Group","hd":false},{"ty":"mm","mm":1,"nm":"Merge Paths 1","mn":"ADBE Vector Filter - Merge","hd":false},{"ty":"fl","c":{"a":0,"k":[0.925490255917,0.325490196078,0.16862745098,1],"ix":4},"o":{"a":0,"k":100,"ix":5},"r":1,"bm":0,"nm":"Fill 1","mn":"ADBE Vector Graphic - Fill","hd":false},{"ty":"tr","p":{"a":0,"k":[11.81,11.816],"ix":2},"a":{"a":0,"k":[0,0],"ix":1},"s":{"a":0,"k":[100,100],"ix":3},"r":{"a":0,"k":0,"ix":6},"o":{"a":0,"k":100,"ix":7},"sk":{"a":0,"k":0,"ix":4},"sa":{"a":0,"k":0,"ix":5},"nm":"Transform"}],"nm":"Group 1","np":6,"cix":2,"bm":0,"ix":1,"mn":"ADBE Vector Group","hd":false}],"ip":544,"op":562,"st":544,"bm":0},{"ddd":0,"ind":4,"ty":4,"nm":"Doubtnut Icon Outlines","sr":1,"ks":{"o":{"a":0,"k":40,"ix":11},"r":{"a":0,"k":0,"ix":10},"p":{"a":0,"k":[115,115,0],"ix":2},"a":{"a":0,"k":[12,12,0],"ix":1},"s":{"a":0,"k":[573,573,100],"ix":6}},"ao":0,"shapes":[{"ty":"gr","it":[{"ind":0,"ty":"sh","ix":1,"ks":{"a":0,"k":{"i":[[-0.001,1.383],[1.467,0.007],[0,-1.435],[-1.455,-0.002]],"o":[[0.001,-1.473],[-1.441,-0.006],[-0.001,1.435],[1.42,0.002]],"v":[[-0.464,3.08],[-3.081,0.437],[-5.7,3.032],[-3.079,5.621]],"c":true},"ix":2},"nm":"Path 1","mn":"ADBE Vector Shape - Group","hd":false},{"ind":1,"ty":"sh","ix":2,"ks":{"a":0,"k":{"i":[[-0.244,-0.1],[-0.232,-0.095],[-0.19,-0.079],[-0.088,-0.036],[0,0],[-0.162,-0.012],[-0.355,-0.048],[-0.12,-0.139],[0,0],[0.153,0],[0.429,0.005],[0,-0.13],[0.001,-0.881],[0,-0.543],[0,-0.325],[-0.007,-1.287],[0.283,-0.553],[1.067,-0.625],[1.096,0.14],[0.815,0.71],[-0.314,2.175],[-1.215,0.914],[-1.541,-0.279],[-0.202,-0.054],[-0.094,-0.024],[-0.002,0.003],[0,0.009],[0,0.351],[-0.002,0.709],[0.065,0.014],[0.894,-0.096],[1.184,-0.844],[0.416,-2.548],[-0.17,-0.985],[-1.1,-1.259],[-2.126,-0.28],[-1.039,0.257],[-1.235,2.109],[-0.098,1.318],[0,0.461],[0,0.097],[-0.003,1.722],[-0.001,0.624],[0,0.022],[-0.001,0.048],[-0.005,0.029],[-0.003,0.02],[-0.372,-0.397],[-0.008,0.019],[-0.012,0.03],[-0.08,0.195],[-0.283,0.702],[-0.112,-0.05],[-0.223,-0.083],[-0.037,-0.113],[-0.326,-0.975],[-0.037,-0.112],[-0.2,0.073],[-0.096,0.035],[-0.047,0.017],[0.077,0.231],[0.108,0.322],[0.127,0.38],[0.031,0.097],[0.017,0.055],[-0.023,-0.008],[-0.034,-0.014],[-0.087,-0.036],[-0.142,-0.057],[-0.08,0.196],[0,0],[-0.104,0.268],[0.275,0.113],[1.213,0.496],[0.932,0.382],[0.822,0.337],[0.261,0.107],[0.347,0.142],[0.115,-0.279],[0.102,-0.255],[-0.246,-0.1]],"o":[[0.231,0.095],[0.184,0.076],[0.085,0.034],[0,0],[0.164,0.014],[0.363,0.027],[0.599,0.081],[0,0],[-0.154,0],[-0.429,0.001],[-0.123,-0.001],[0.001,0.881],[-0.002,0.543],[0,0.324],[-0.002,1.287],[0.004,0.635],[-0.581,1.136],[-0.957,0.561],[-1.051,-0.134],[-1.618,-1.407],[0.224,-1.549],[1.269,-0.954],[0.204,0.037],[0.093,0.024],[0.001,-0.002],[0.002,-0.007],[0.001,-0.35],[0,-0.708],[0,-0.081],[-0.879,-0.183],[-1.426,0.154],[-2.037,1.453],[-0.161,0.988],[0.289,1.675],[1.447,1.656],[1.058,0.14],[2.285,-0.565],[0.661,-1.129],[0.034,-0.458],[0,-0.096],[0.006,-1.722],[0.001,-0.625],[0.001,-0.023],[0,-0.048],[0.001,-0.022],[0.003,-0.016],[0.452,0.302],[0.009,-0.023],[0.016,-0.035],[0.08,-0.194],[0.287,-0.7],[0.048,-0.119],[0.217,0.098],[0.108,0.04],[0.322,0.976],[0.037,0.111],[0.069,0.205],[0.097,-0.035],[0.047,-0.017],[0.217,-0.079],[-0.108,-0.323],[-0.127,-0.38],[-0.029,-0.086],[-0.015,-0.048],[0.029,0.011],[0.044,0.016],[0.087,0.036],[0.142,0.058],[0.195,0.078],[0,0],[0.109,-0.265],[0.111,-0.287],[-1.212,-0.497],[-0.932,-0.382],[-0.822,-0.336],[-0.261,-0.107],[-0.347,-0.143],[-0.275,-0.112],[-0.104,0.254],[-0.1,0.25],[0.243,0.1]],"v":[[0.879,-9.985],[1.574,-9.701],[2.133,-9.47],[2.391,-9.364],[1.196,-6.441],[1.685,-6.403],[2.761,-6.302],[4.248,-5.816],[4.092,-5.816],[3.632,-5.815],[2.344,-5.819],[2.185,-5.655],[2.183,-3.012],[2.18,-1.383],[2.179,-0.409],[2.182,3.451],[1.753,5.227],[-0.753,7.837],[-3.829,8.508],[-6.652,7.272],[-8.639,1.879],[-6.435,-1.825],[-2.206,-2.828],[-1.599,-2.683],[-1.319,-2.61],[-1.316,-2.617],[-1.31,-2.643],[-1.309,-3.694],[-1.307,-5.819],[-1.412,-5.934],[-4.071,-6.075],[-7.998,-4.598],[-11.695,1.4],[-11.675,4.364],[-9.598,8.776],[-4.228,11.676],[-1.079,11.493],[4.249,7.543],[5.378,3.861],[5.412,2.481],[5.412,2.192],[5.424,-2.974],[5.427,-4.847],[5.427,-4.914],[5.428,-5.058],[5.438,-5.132],[5.447,-5.185],[6.649,-4.127],[6.676,-4.189],[6.717,-4.284],[6.956,-4.867],[7.813,-6.969],[8.023,-7.063],[8.684,-6.789],[8.885,-6.572],[9.859,-3.646],[9.971,-3.311],[10.307,-3.147],[10.597,-3.252],[10.738,-3.303],[10.91,-3.682],[10.586,-4.65],[10.205,-5.789],[10.118,-6.06],[10.07,-6.214],[10.148,-6.185],[10.261,-6.142],[10.522,-6.034],[10.948,-5.86],[11.376,-6.044],[11.377,-6.047],[11.699,-6.846],[11.485,-7.367],[7.848,-8.858],[5.051,-10.003],[2.585,-11.012],[1.802,-11.333],[0.761,-11.761],[0.252,-11.541],[-0.057,-10.778],[0.149,-10.284]],"c":true},"ix":2},"nm":"Path 2","mn":"ADBE Vector Shape - Group","hd":false},{"ty":"mm","mm":1,"nm":"Merge Paths 1","mn":"ADBE Vector Filter - Merge","hd":false},{"ty":"fl","c":{"a":0,"k":[0.925490255917,0.325490196078,0.16862745098,1],"ix":4},"o":{"a":0,"k":100,"ix":5},"r":1,"bm":0,"nm":"Fill 1","mn":"ADBE Vector Graphic - Fill","hd":false},{"ty":"tr","p":{"a":0,"k":[11.81,11.816],"ix":2},"a":{"a":0,"k":[0,0],"ix":1},"s":{"a":0,"k":[100,100],"ix":3},"r":{"a":0,"k":0,"ix":6},"o":{"a":0,"k":100,"ix":7},"sk":{"a":0,"k":0,"ix":4},"sa":{"a":0,"k":0,"ix":5},"nm":"Transform"}],"nm":"Group 1","np":6,"cix":2,"bm":0,"ix":1,"mn":"ADBE Vector Group","hd":false}],"ip":0,"op":18,"st":0,"bm":0},{"ddd":0,"ind":5,"ty":4,"nm":"Shape Layer 1","sr":1,"ks":{"o":{"a":0,"k":100,"ix":11},"r":{"a":0,"k":0,"ix":10},"p":{"a":0,"k":[113.5,113.5,0],"ix":2},"a":{"a":0,"k":[0,0,0],"ix":1},"s":{"a":0,"k":[90,90,100],"ix":6}},"ao":0,"shapes":[{"ty":"gr","it":[{"d":1,"ty":"el","s":{"a":0,"k":[231.276,231.276],"ix":2},"p":{"a":0,"k":[0,0],"ix":3},"nm":"Ellipse Path 1","mn":"ADBE Vector Shape - Ellipse","hd":false},{"ty":"fl","c":{"a":0,"k":[1,1,1,1],"ix":4},"o":{"a":0,"k":100,"ix":5},"r":1,"bm":0,"nm":"Fill 1","mn":"ADBE Vector Graphic - Fill","hd":false},{"ty":"tr","p":{"a":0,"k":[2.138,2.138],"ix":2},"a":{"a":0,"k":[0,0],"ix":1},"s":{"a":0,"k":[100,100],"ix":3},"r":{"a":0,"k":0,"ix":6},"o":{"a":0,"k":100,"ix":7},"sk":{"a":0,"k":0,"ix":4},"sa":{"a":0,"k":0,"ix":5},"nm":"Transform"}],"nm":"Ellipse 1","np":3,"cix":2,"bm":0,"ix":1,"mn":"ADBE Vector Group","hd":false}],"ip":0,"op":560,"st":0,"bm":0}],"markers":[]}