{"v":"5.6.3","fr":59.9599456787109,"ip":0,"op":93.9999148398737,"w":512,"h":512,"nm":"live copy","ddd":0,"assets":[],"layers":[{"ddd":0,"ind":2,"ty":4,"nm":"Layer 1 Outlines","sr":1,"ks":{"o":{"a":0,"k":100,"ix":11},"r":{"a":0,"k":0,"ix":10},"p":{"a":0,"k":[256,256,0],"ix":2},"a":{"a":0,"k":[256,256,0],"ix":1},"s":{"a":0,"k":[100,100,100],"ix":6}},"ao":0,"shapes":[{"ty":"gr","it":[{"ind":0,"ty":"sh","ix":1,"ks":{"a":0,"k":{"i":[[-9.775,0],[0,-9.775],[9.775,0],[0,9.776]],"o":[[9.775,0],[0,9.776],[-9.775,0],[0,-9.775]],"v":[[0,-17.7],[17.699,0],[0,17.7],[-17.699,0]],"c":true},"ix":2},"nm":"Path 1","mn":"ADBE Vector Shape - Group","hd":false},{"ty":"fl","c":{"a":0,"k":[0.902000038297,0.298000021542,0.234999997008,1],"ix":4},"o":{"a":0,"k":100,"ix":5},"r":1,"bm":0,"nm":"Fill 1","mn":"ADBE Vector Graphic - Fill","hd":false},{"ty":"tr","p":{"a":0,"k":[353.1,238.3],"ix":2},"a":{"a":0,"k":[0,0],"ix":1},"s":{"a":0,"k":[100,100],"ix":3},"r":{"a":0,"k":0,"ix":6},"o":{"a":0,"k":100,"ix":7},"sk":{"a":0,"k":0,"ix":4},"sa":{"a":0,"k":0,"ix":5},"nm":"Transform"}],"nm":"Group 1","np":2,"cix":2,"bm":0,"ix":1,"mn":"ADBE Vector Group","hd":false},{"ty":"gr","it":[{"ind":0,"ty":"sh","ix":1,"ks":{"a":0,"k":{"i":[[-5.3,3.6],[-18.3,-18.5],[15.4,-21],[-3.5,-5.9],[-5.9,-0.4],[-3.6,4.7],[30.599,30.9],[35.2,-25.3],[-0.6,-6.1],[-5.399,-2.7]],"o":[[21.2,-15.2],[18.3,18.5],[-4,5.6],[3,5.1],[5.899,0.4],[25.699,-35],[-30.6,-30.9],[-4.9,3.7],[0.6,6.1],[5.5,2.9]],"v":[[-49.999,-24.25],[18.501,-18.45],[23.6,50.15],[22.801,69.05],[37.001,77.85],[52.201,70.95],[43.801,-43.35],[-70.4,-52.95],[-77.299,-37.25],[-67.6,-23.15]],"c":true},"ix":2},"nm":"Path 1","mn":"ADBE Vector Shape - Group","hd":false},{"ty":"fl","c":{"a":0,"k":[0.902000038297,0.298000021542,0.234999997008,1],"ix":4},"o":{"a":0,"k":100,"ix":5},"r":1,"bm":0,"nm":"Fill 1","mn":"ADBE Vector Graphic - Fill","hd":false},{"ty":"tr","p":{"a":0,"k":[372.2,219.55],"ix":2},"a":{"a":0,"k":[0,0],"ix":1},"s":{"a":0,"k":[100,100],"ix":3},"r":{"a":0,"k":0,"ix":6},"o":{"a":1,"k":[{"i":{"x":[0.833],"y":[0.833]},"o":{"x":[0.167],"y":[0.167]},"t":0,"s":[0]},{"i":{"x":[0.833],"y":[0.833]},"o":{"x":[0.167],"y":[0.167]},"t":28,"s":[100]},{"i":{"x":[0.833],"y":[0.833]},"o":{"x":[0.167],"y":[0.167]},"t":49,"s":[100]},{"t":77.9999293352144,"s":[0]}],"ix":7},"sk":{"a":0,"k":0,"ix":4},"sa":{"a":0,"k":0,"ix":5},"nm":"Transform"}],"nm":"Group 2","np":2,"cix":2,"bm":0,"ix":2,"mn":"ADBE Vector Group","hd":false},{"ty":"gr","it":[{"ind":0,"ty":"sh","ix":1,"ks":{"a":0,"k":{"i":[[-4,5.1],[-45,-10.3],[-11.6,-44.6],[34.3,-30.8],[-1.3,-6.5],[-6.2,-1.9],[-4.7,4.6],[14.9,57.4],[57.9,13.2],[38.3,-45.3],[-2.2,-6.1],[-6.4,-1]],"o":[[29.8,-35.2],[45,10.3],[11.6,44.6],[-5.1,4.1],[1.2,6.4],[6.2,1.9],[44.2,-39.6],[-14.9,-57.4],[-57.9,-13.2],[-4.4,4.8],[2.2,6.1],[6.3,1.1]],"v":[[-110.1,-58.1],[11.7,-98.7],[103.8,-9.3],[66.8,113.6],[60.5,130.7],[72.6,144.3],[90.3,140],[138,-18],[19.6,-133],[-137.1,-80.9],[-140.7,-63.2],[-126.9,-51.6]],"c":true},"ix":2},"nm":"Path 1","mn":"ADBE Vector Shape - Group","hd":false},{"ty":"fl","c":{"a":0,"k":[0.961000031116,0.596000043084,0.596000043084,1],"ix":4},"o":{"a":0,"k":100,"ix":5},"r":1,"bm":0,"nm":"Fill 1","mn":"ADBE Vector Graphic - Fill","hd":false},{"ty":"tr","p":{"a":0,"k":[369.1,216.5],"ix":2},"a":{"a":0,"k":[0,0],"ix":1},"s":{"a":0,"k":[100,100],"ix":3},"r":{"a":0,"k":0,"ix":6},"o":{"a":1,"k":[{"i":{"x":[0.833],"y":[0.833]},"o":{"x":[0.167],"y":[0.167]},"t":12,"s":[0]},{"i":{"x":[0.833],"y":[0.833]},"o":{"x":[0.167],"y":[0.167]},"t":49,"s":[100]},{"i":{"x":[0.833],"y":[0.833]},"o":{"x":[0.167],"y":[0.167]},"t":78,"s":[100]},{"t":91.9999166517913,"s":[0]}],"ix":7},"sk":{"a":0,"k":0,"ix":4},"sa":{"a":0,"k":0,"ix":5},"nm":"Transform"}],"nm":"Group 3","np":4,"cix":2,"bm":0,"ix":3,"mn":"ADBE Vector Group","hd":false},{"ty":"gr","it":[{"ind":0,"ty":"sh","ix":1,"ks":{"a":0,"k":{"i":[[4.9,0],[0,0],[0,4.801],[-4.799,0],[0,0],[0,-4.8]],"o":[[0,0],[-4.9,0],[0,-4.8],[0,0],[4.9,0],[0,4.801]],"v":[[22.049,8.8],[-22.051,8.8],[-30.85,0],[-22.051,-8.801],[22.049,-8.801],[30.85,0]],"c":true},"ix":2},"nm":"Path 1","mn":"ADBE Vector Shape - Group","hd":false},{"ty":"fl","c":{"a":0,"k":[1,1,1,1],"ix":4},"o":{"a":0,"k":100,"ix":5},"r":1,"bm":0,"nm":"Fill 1","mn":"ADBE Vector Graphic - Fill","hd":false},{"ty":"tr","p":{"a":0,"k":[278.051,264.9],"ix":2},"a":{"a":0,"k":[0,0],"ix":1},"s":{"a":0,"k":[100,100],"ix":3},"r":{"a":0,"k":0,"ix":6},"o":{"a":0,"k":100,"ix":7},"sk":{"a":0,"k":0,"ix":4},"sa":{"a":0,"k":0,"ix":5},"nm":"Transform"}],"nm":"Group 4","np":2,"cix":2,"bm":0,"ix":4,"mn":"ADBE Vector Group","hd":false},{"ty":"gr","it":[{"ind":0,"ty":"sh","ix":1,"ks":{"a":0,"k":{"i":[[4.9,0],[0,0],[0,4.8],[-4.799,0],[0,0],[0,-4.8]],"o":[[0,0],[-4.9,0],[0,-4.8],[0,0],[4.9,0],[0,4.8]],"v":[[22.049,8.8],[-22.051,8.8],[-30.85,0],[-22.051,-8.8],[22.049,-8.8],[30.85,0]],"c":true},"ix":2},"nm":"Path 1","mn":"ADBE Vector Shape - Group","hd":false},{"ty":"fl","c":{"a":0,"k":[1,1,1,1],"ix":4},"o":{"a":0,"k":100,"ix":5},"r":1,"bm":0,"nm":"Fill 1","mn":"ADBE Vector Graphic - Fill","hd":false},{"ty":"tr","p":{"a":0,"k":[278.051,326.6],"ix":2},"a":{"a":0,"k":[0,0],"ix":1},"s":{"a":0,"k":[100,100],"ix":3},"r":{"a":0,"k":0,"ix":6},"o":{"a":0,"k":100,"ix":7},"sk":{"a":0,"k":0,"ix":4},"sa":{"a":0,"k":0,"ix":5},"nm":"Transform"}],"nm":"Group 5","np":2,"cix":2,"bm":0,"ix":5,"mn":"ADBE Vector Group","hd":false},{"ty":"gr","it":[{"ind":0,"ty":"sh","ix":1,"ks":{"a":0,"k":{"i":[[4.9,0],[0,0],[0,4.8],[0,0],[-4.8,0],[0,-4.799],[0,0],[0,0],[0,-4.8]],"o":[[0,0],[-4.9,0],[0,0],[0,-4.9],[4.8,0],[0,0],[0,0],[4.9,0],[0,4.799]],"v":[[22.15,66.199],[-22.05,66.199],[-30.85,57.4],[-30.85,-57.4],[-22.05,-66.199],[-13.25,-57.4],[-13.25,48.501],[22.05,48.501],[30.85,57.301]],"c":true},"ix":2},"nm":"Path 1","mn":"ADBE Vector Shape - Group","hd":false},{"ty":"fl","c":{"a":0,"k":[1,1,1,1],"ix":4},"o":{"a":0,"k":100,"ix":5},"r":1,"bm":0,"nm":"Fill 1","mn":"ADBE Vector Graphic - Fill","hd":false},{"ty":"tr","p":{"a":0,"k":[66.15,322.2],"ix":2},"a":{"a":0,"k":[0,0],"ix":1},"s":{"a":0,"k":[100,100],"ix":3},"r":{"a":0,"k":0,"ix":6},"o":{"a":0,"k":100,"ix":7},"sk":{"a":0,"k":0,"ix":4},"sa":{"a":0,"k":0,"ix":5},"nm":"Transform"}],"nm":"Group 6","np":2,"cix":2,"bm":0,"ix":6,"mn":"ADBE Vector Group","hd":false},{"ty":"gr","it":[{"ind":0,"ty":"sh","ix":1,"ks":{"a":0,"k":{"i":[[4.9,0],[0,0],[0,4.8],[0,0],[-4.799,0],[0,-4.799],[0,0],[0,0],[0,-4.8]],"o":[[0,0],[-4.9,0],[0,0],[0,-4.9],[4.8,0],[0,0],[0,0],[4.9,0],[0,4.799]],"v":[[22.049,66.199],[-22.051,66.199],[-30.85,57.4],[-30.85,-57.4],[-22.051,-66.199],[-13.251,-57.4],[-13.251,48.501],[22.049,48.501],[30.85,57.301]],"c":true},"ix":2},"nm":"Path 1","mn":"ADBE Vector Shape - Group","hd":false},{"ty":"fl","c":{"a":0,"k":[1,1,1,1],"ix":4},"o":{"a":0,"k":100,"ix":5},"r":1,"bm":0,"nm":"Fill 1","mn":"ADBE Vector Graphic - Fill","hd":false},{"ty":"tr","p":{"a":0,"k":[278.051,322.2],"ix":2},"a":{"a":0,"k":[0,0],"ix":1},"s":{"a":0,"k":[100,100],"ix":3},"r":{"a":0,"k":0,"ix":6},"o":{"a":0,"k":100,"ix":7},"sk":{"a":0,"k":0,"ix":4},"sa":{"a":0,"k":0,"ix":5},"nm":"Transform"}],"nm":"Group 7","np":2,"cix":2,"bm":0,"ix":7,"mn":"ADBE Vector Group","hd":false},{"ty":"gr","it":[{"ind":0,"ty":"sh","ix":1,"ks":{"a":0,"k":{"i":[[4.1,0],[0,0],[0.9,4],[0,0],[-4.7,1.1],[-1.1,-4.7],[0,0],[0,0],[-3,1],[-2.3,-2.2],[0.7,-3],[0,0]],"o":[[0,0],[-4.1,0],[0,0],[-1.1,-4.799],[4.8,-1.1],[0,0],[0,0],[0.7,-3.099],[3,-1],[2.3,2.201],[0,0],[-0.9,4.099]],"v":[[4.6,66.65],[-4.2,66.65],[-12.8,59.85],[-39.3,-54.95],[-32.7,-65.55],[-22.1,-58.95],[0.2,37.65],[22.5,-58.95],[28.5,-65.45],[37.1,-63.45],[39.7,-55.049],[13.2,59.751]],"c":true},"ix":2},"nm":"Path 1","mn":"ADBE Vector Shape - Group","hd":false},{"ty":"fl","c":{"a":0,"k":[1,1,1,1],"ix":4},"o":{"a":0,"k":100,"ix":5},"r":1,"bm":0,"nm":"Fill 1","mn":"ADBE Vector Graphic - Fill","hd":false},{"ty":"tr","p":{"a":0,"k":[189.6,321.75],"ix":2},"a":{"a":0,"k":[0,0],"ix":1},"s":{"a":0,"k":[100,100],"ix":3},"r":{"a":0,"k":0,"ix":6},"o":{"a":0,"k":100,"ix":7},"sk":{"a":0,"k":0,"ix":4},"sa":{"a":0,"k":0,"ix":5},"nm":"Transform"}],"nm":"Group 8","np":2,"cix":2,"bm":0,"ix":8,"mn":"ADBE Vector Group","hd":false},{"ty":"gr","it":[{"ind":0,"ty":"sh","ix":1,"ks":{"a":0,"k":{"i":[[4.9,0],[0,4.8],[0,0],[-4.8,0],[0,-4.799],[0,0]],"o":[[-4.9,0],[0,0],[0,-4.9],[4.9,0],[0,0],[0,4.901]],"v":[[0,66.199],[-8.8,57.4],[-8.8,-57.4],[0,-66.199],[8.8,-57.4],[8.8,57.4]],"c":true},"ix":2},"nm":"Path 1","mn":"ADBE Vector Shape - Group","hd":false},{"ty":"fl","c":{"a":0,"k":[1,1,1,1],"ix":4},"o":{"a":0,"k":100,"ix":5},"r":1,"bm":0,"nm":"Fill 1","mn":"ADBE Vector Graphic - Fill","hd":false},{"ty":"tr","p":{"a":0,"k":[123.6,322.2],"ix":2},"a":{"a":0,"k":[0,0],"ix":1},"s":{"a":0,"k":[100,100],"ix":3},"r":{"a":0,"k":0,"ix":6},"o":{"a":0,"k":100,"ix":7},"sk":{"a":0,"k":0,"ix":4},"sa":{"a":0,"k":0,"ix":5},"nm":"Transform"}],"nm":"Group 9","np":2,"cix":2,"bm":0,"ix":9,"mn":"ADBE Vector Group","hd":false},{"ty":"gr","it":[{"ind":0,"ty":"sh","ix":1,"ks":{"a":0,"k":{"i":[[-11.601,2.3],[-2.101,-1.7],[0,-2.701],[0,0],[13.299,-5.5],[319.1,0],[0.1,19.5],[0,0],[-19.5,0],[0,0],[-1.7,-2.1],[0.599,-2.6],[-8.3,-8.299]],"o":[[2.6,-0.601],[2.1,1.699],[0,0],[-0.2,14.399],[-8.401,3.7],[-19.5,-0.299],[0,0],[0,-19.5],[0,0],[2.699,0],[1.701,2.1],[-2.3,11.5],[8.301,8.301]],"v":[[174.501,-49.85],[182.001,-48.15],[185.399,-41.25],[185.399,65.65],[163.1,98.45],[-149.999,101.049],[-185.399,65.549],[-185.399,-66.85],[-150.101,-102.15],[124.501,-102.15],[131.399,-98.75],[133.1,-91.25],[142.699,-59.451]],"c":true},"ix":2},"nm":"Path 1","mn":"ADBE Vector Shape - Group","hd":false},{"ty":"fl","c":{"a":0,"k":[0.902000038297,0.298000021542,0.234999997008,1],"ix":4},"o":{"a":0,"k":100,"ix":5},"r":1,"bm":0,"nm":"Fill 1","mn":"ADBE Vector Graphic - Fill","hd":false},{"ty":"tr","p":{"a":0,"k":[185.4,322.85],"ix":2},"a":{"a":0,"k":[0,0],"ix":1},"s":{"a":0,"k":[100,100],"ix":3},"r":{"a":0,"k":0,"ix":6},"o":{"a":0,"k":100,"ix":7},"sk":{"a":0,"k":0,"ix":4},"sa":{"a":0,"k":0,"ix":5},"nm":"Transform"}],"nm":"Group 10","np":2,"cix":2,"bm":0,"ix":10,"mn":"ADBE Vector Group","hd":false}],"ip":0,"op":10816.9902002438,"st":0,"bm":0}],"markers":[]}