{"v":"5.6.3","fr":59.9599456787109,"ip":0,"op":93.9999148398737,"w":1017,"h":350,"nm":"live copy","ddd":0,"assets":[],"fonts":{"list":[{"fName":"Lato-Medium","fFamily":"Lato","fStyle":"Medium","ascent":73.7991333007812}]},"layers":[{"ddd":0,"ind":1,"ty":5,"nm":"PLAYING NOW","sr":1,"ks":{"o":{"a":0,"k":100,"ix":11},"r":{"a":0,"k":0,"ix":10},"p":{"a":0,"k":[33.5,288,0],"ix":2},"a":{"a":0,"k":[0,0,0],"ix":1},"s":{"a":0,"k":[100,100,100],"ix":6}},"ao":0,"t":{"d":{"k":[{"s":{"s":110,"f":"Lato-Medium","t":"PLAYING NOW","j":0,"tr":0,"lh":132,"ls":0,"fc":[1,1,1]},"t":0}]},"p":{},"m":{"g":1,"a":{"a":0,"k":[0,0],"ix":2}},"a":[]},"ip":0,"op":10817.9901993378,"st":0,"bm":0},{"ddd":0,"ind":2,"ty":4,"nm":"Shape Layer 1","sr":1,"ks":{"o":{"a":0,"k":100,"ix":11},"r":{"a":0,"k":0,"ix":10},"p":{"a":0,"k":[291.5,190,0],"ix":2},"a":{"a":0,"k":[0,0,0],"ix":1},"s":{"a":0,"k":[100,100,100],"ix":6}},"ao":0,"shapes":[{"ty":"gr","it":[{"ty":"rc","d":1,"s":{"a":0,"k":[869.093,220.39],"ix":2},"p":{"a":0,"k":[0,0],"ix":3},"r":{"a":0,"k":50,"ix":4},"nm":"Rectangle Path 1","mn":"ADBE Vector Shape - Rect","hd":false},{"ty":"fl","c":{"a":0,"k":[0.901960844152,0.298039215686,0.235294132607,1],"ix":4},"o":{"a":0,"k":100,"ix":5},"r":1,"bm":0,"nm":"Fill 1","mn":"ADBE Vector Graphic - Fill","hd":false},{"ty":"tr","p":{"a":0,"k":[72.584,57.563],"ix":2},"a":{"a":0,"k":[0,0],"ix":1},"s":{"a":0,"k":[81,77],"ix":3},"r":{"a":0,"k":0,"ix":6},"o":{"a":0,"k":100,"ix":7},"sk":{"a":0,"k":0,"ix":4},"sa":{"a":0,"k":0,"ix":5},"nm":"Transform"}],"nm":"Rectangle 1","np":3,"cix":2,"bm":0,"ix":1,"mn":"ADBE Vector Group","hd":false}],"ip":0,"op":10817.9901993378,"st":0,"bm":0},{"ddd":0,"ind":3,"ty":4,"nm":"Layer 1 Outlines","sr":1,"ks":{"o":{"a":0,"k":100,"ix":11},"r":{"a":0,"k":0,"ix":10},"p":{"a":0,"k":[749.5,198,0],"ix":2},"a":{"a":0,"k":[256,256,0],"ix":1},"s":{"a":0,"k":[100,100,100],"ix":6}},"ao":0,"shapes":[{"ty":"gr","it":[{"ind":0,"ty":"sh","ix":1,"ks":{"a":0,"k":{"i":[[-9.775,0],[0,-9.775],[9.775,0],[0,9.776]],"o":[[9.775,0],[0,9.776],[-9.775,0],[0,-9.775]],"v":[[0,-17.7],[17.699,0],[0,17.7],[-17.699,0]],"c":true},"ix":2},"nm":"Path 1","mn":"ADBE Vector Shape - Group","hd":false},{"ty":"fl","c":{"a":0,"k":[0.902000038297,0.298000021542,0.234999997008,1],"ix":4},"o":{"a":0,"k":100,"ix":5},"r":1,"bm":0,"nm":"Fill 1","mn":"ADBE Vector Graphic - Fill","hd":false},{"ty":"tr","p":{"a":0,"k":[353.1,238.3],"ix":2},"a":{"a":0,"k":[0,0],"ix":1},"s":{"a":0,"k":[100,100],"ix":3},"r":{"a":0,"k":0,"ix":6},"o":{"a":0,"k":100,"ix":7},"sk":{"a":0,"k":0,"ix":4},"sa":{"a":0,"k":0,"ix":5},"nm":"Transform"}],"nm":"Group 1","np":2,"cix":2,"bm":0,"ix":1,"mn":"ADBE Vector Group","hd":false},{"ty":"gr","it":[{"ind":0,"ty":"sh","ix":1,"ks":{"a":0,"k":{"i":[[-5.3,3.6],[-18.3,-18.5],[15.4,-21],[-3.5,-5.9],[-5.9,-0.4],[-3.6,4.7],[30.599,30.9],[35.2,-25.3],[-0.6,-6.1],[-5.399,-2.7]],"o":[[21.2,-15.2],[18.3,18.5],[-4,5.6],[3,5.1],[5.899,0.4],[25.699,-35],[-30.6,-30.9],[-4.9,3.7],[0.6,6.1],[5.5,2.9]],"v":[[-49.999,-24.25],[18.501,-18.45],[23.6,50.15],[22.801,69.05],[37.001,77.85],[52.201,70.95],[43.801,-43.35],[-70.4,-52.95],[-77.299,-37.25],[-67.6,-23.15]],"c":true},"ix":2},"nm":"Path 1","mn":"ADBE Vector Shape - Group","hd":false},{"ty":"fl","c":{"a":0,"k":[0.902000038297,0.298000021542,0.234999997008,1],"ix":4},"o":{"a":0,"k":100,"ix":5},"r":1,"bm":0,"nm":"Fill 1","mn":"ADBE Vector Graphic - Fill","hd":false},{"ty":"tr","p":{"a":0,"k":[372.2,219.55],"ix":2},"a":{"a":0,"k":[0,0],"ix":1},"s":{"a":0,"k":[100,100],"ix":3},"r":{"a":0,"k":0,"ix":6},"o":{"a":1,"k":[{"i":{"x":[0.833],"y":[0.833]},"o":{"x":[0.167],"y":[0.167]},"t":0,"s":[0]},{"i":{"x":[0.833],"y":[0.833]},"o":{"x":[0.167],"y":[0.167]},"t":28,"s":[100]},{"i":{"x":[0.833],"y":[0.833]},"o":{"x":[0.167],"y":[0.167]},"t":49,"s":[100]},{"t":77.9999293352144,"s":[0]}],"ix":7},"sk":{"a":0,"k":0,"ix":4},"sa":{"a":0,"k":0,"ix":5},"nm":"Transform"}],"nm":"Group 2","np":2,"cix":2,"bm":0,"ix":2,"mn":"ADBE Vector Group","hd":false},{"ty":"gr","it":[{"ind":0,"ty":"sh","ix":1,"ks":{"a":0,"k":{"i":[[-4,5.1],[-45,-10.3],[-11.6,-44.6],[34.3,-30.8],[-1.3,-6.5],[-6.2,-1.9],[-4.7,4.6],[14.9,57.4],[57.9,13.2],[38.3,-45.3],[-2.2,-6.1],[-6.4,-1]],"o":[[29.8,-35.2],[45,10.3],[11.6,44.6],[-5.1,4.1],[1.2,6.4],[6.2,1.9],[44.2,-39.6],[-14.9,-57.4],[-57.9,-13.2],[-4.4,4.8],[2.2,6.1],[6.3,1.1]],"v":[[-110.1,-58.1],[11.7,-98.7],[103.8,-9.3],[66.8,113.6],[60.5,130.7],[72.6,144.3],[90.3,140],[138,-18],[19.6,-133],[-137.1,-80.9],[-140.7,-63.2],[-126.9,-51.6]],"c":true},"ix":2},"nm":"Path 1","mn":"ADBE Vector Shape - Group","hd":false},{"ty":"fl","c":{"a":0,"k":[0.961000031116,0.596000043084,0.596000043084,1],"ix":4},"o":{"a":0,"k":100,"ix":5},"r":1,"bm":0,"nm":"Fill 1","mn":"ADBE Vector Graphic - Fill","hd":false},{"ty":"tr","p":{"a":0,"k":[369.1,216.5],"ix":2},"a":{"a":0,"k":[0,0],"ix":1},"s":{"a":0,"k":[100,100],"ix":3},"r":{"a":0,"k":0,"ix":6},"o":{"a":1,"k":[{"i":{"x":[0.833],"y":[0.833]},"o":{"x":[0.167],"y":[0.167]},"t":12,"s":[0]},{"i":{"x":[0.833],"y":[0.833]},"o":{"x":[0.167],"y":[0.167]},"t":49,"s":[100]},{"i":{"x":[0.833],"y":[0.833]},"o":{"x":[0.167],"y":[0.167]},"t":78,"s":[100]},{"t":91.9999166517913,"s":[0]}],"ix":7},"sk":{"a":0,"k":0,"ix":4},"sa":{"a":0,"k":0,"ix":5},"nm":"Transform"}],"nm":"Group 3","np":4,"cix":2,"bm":0,"ix":3,"mn":"ADBE Vector Group","hd":false},{"ty":"gr","it":[{"ind":0,"ty":"sh","ix":1,"ks":{"a":0,"k":{"i":[[-11.601,2.3],[-2.101,-1.7],[0,-2.701],[0,0],[13.299,-5.5],[319.1,0],[0.1,19.5],[0,0],[-19.5,0],[0,0],[-1.7,-2.1],[0.599,-2.6],[-8.3,-8.299]],"o":[[2.6,-0.601],[2.1,1.699],[0,0],[-0.2,14.399],[-8.401,3.7],[-19.5,-0.299],[0,0],[0,-19.5],[0,0],[2.699,0],[1.701,2.1],[-2.3,11.5],[8.301,8.301]],"v":[[174.501,-49.85],[182.001,-48.15],[185.399,-41.25],[185.399,31.65],[163.1,64.45],[-149.999,67.049],[-185.399,31.549],[-185.399,-66.85],[-150.101,-102.15],[124.501,-102.15],[131.399,-98.75],[133.1,-91.25],[142.699,-59.451]],"c":true},"ix":2},"nm":"Path 1","mn":"ADBE Vector Shape - Group","hd":false},{"ty":"fl","c":{"a":0,"k":[0.902000038297,0.298000021542,0.234999997008,1],"ix":4},"o":{"a":0,"k":100,"ix":5},"r":1,"bm":0,"nm":"Fill 1","mn":"ADBE Vector Graphic - Fill","hd":false},{"ty":"tr","p":{"a":0,"k":[185.4,322.85],"ix":2},"a":{"a":0,"k":[0,0],"ix":1},"s":{"a":0,"k":[100,100],"ix":3},"r":{"a":0,"k":0,"ix":6},"o":{"a":0,"k":100,"ix":7},"sk":{"a":0,"k":0,"ix":4},"sa":{"a":0,"k":0,"ix":5},"nm":"Transform"}],"nm":"Group 10","np":2,"cix":2,"bm":0,"ix":10,"mn":"ADBE Vector Group","hd":false}],"ip":0,"op":10816.9902002438,"st":0,"bm":0}],"markers":[],"chars":[{"ch":"P","size":110,"style":"Medium","w":60.5,"data":{"shapes":[{"ty":"gr","it":[{"ind":0,"ty":"sh","ix":1,"ks":{"a":0,"k":{"i":[[0,0],[0,0],[0,0],[-2.717,-2.5],[0,-4.366],[0.7,-1.783],[1.383,-1.283],[2.05,-0.7],[2.7,0]],"o":[[0,0],[0,0],[5.533,0],[2.716,2.5],[0,2.167],[-0.7,1.784],[-1.384,1.284],[-2.05,0.7],[0,0]],"v":[[19.5,-34.85],[19.5,-63.45],[30.6,-63.45],[42.975,-59.7],[47.05,-49.4],[46,-43.475],[42.875,-38.875],[37.725,-35.9],[30.6,-34.85]],"c":true},"ix":2},"nm":"P","mn":"ADBE Vector Shape - Group","hd":false},{"ind":1,"ty":"sh","ix":2,"ks":{"a":0,"k":{"i":[[0,0],[0,0],[0,0],[0,0],[0,0],[-3.384,1.117],[-2.267,2.034],[-1.167,2.817],[0,3.367],[1.083,2.767],[2.233,1.95],[3.4,1.067],[4.6,0]],"o":[[0,0],[0,0],[0,0],[0,0],[4.4,0],[3.383,-1.116],[2.266,-2.033],[1.166,-2.816],[0,-3.366],[-1.084,-2.766],[-2.234,-1.95],[-3.4,-1.066],[0,0]],"v":[[8.85,-71.8],[8.85,0],[19.5,0],[19.5,-26.45],[30.6,-26.45],[42.275,-28.125],[50.75,-32.85],[55.9,-40.125],[57.65,-49.4],[56.025,-58.6],[51.05,-65.675],[42.6,-70.2],[30.6,-71.8]],"c":true},"ix":2},"nm":"P","mn":"ADBE Vector Shape - Group","hd":false}],"nm":"P","np":5,"cix":2,"bm":0,"ix":1,"mn":"ADBE Vector Group","hd":false}]},"fFamily":"Lato"},{"ch":"L","size":110,"style":"Medium","w":51.5,"data":{"shapes":[{"ty":"gr","it":[{"ind":0,"ty":"sh","ix":1,"ks":{"a":0,"k":{"i":[[0,0],[0,0],[0,0],[0,0],[0,0],[0,0]],"o":[[0,0],[0,0],[0,0],[0,0],[0,0],[0,0]],"v":[[19.5,-8.95],[19.5,-71.8],[8.85,-71.8],[8.85,0],[49.95,0],[49.95,-8.95]],"c":true},"ix":2},"nm":"L","mn":"ADBE Vector Shape - Group","hd":false}],"nm":"L","np":3,"cix":2,"bm":0,"ix":1,"mn":"ADBE Vector Group","hd":false}]},"fFamily":"Lato"},{"ch":"A","size":110,"style":"Medium","w":68.15,"data":{"shapes":[{"ty":"gr","it":[{"ind":0,"ty":"sh","ix":1,"ks":{"a":0,"k":{"i":[[0,0],[0,0],[-0.384,1.234],[-0.367,1.434],[-0.767,-1.9],[0,0]],"o":[[0,0],[0.366,-0.966],[0.383,-1.233],[0.766,2.9],[0,0],[0,0]],"v":[[21.2,-26.75],[31.8,-54.5],[32.925,-57.8],[34.05,-61.8],[36.35,-54.6],[47,-26.75]],"c":true},"ix":2},"nm":"A","mn":"ADBE Vector Shape - Group","hd":false},{"ind":1,"ty":"sh","ix":2,"ks":{"a":0,"k":{"i":[[0,0],[0,0],[0,0],[0,0],[-0.634,0.517],[-0.234,0.634],[0,0],[0,0],[0,0],[-0.6,-0.466],[-0.934,0],[0,0]],"o":[[0,0],[0,0],[0,0],[0.9,0],[0.633,-0.516],[0,0],[0,0],[0,0],[0.266,0.734],[0.6,0.467],[0,0],[0,0]],"v":[[39.45,-71.8],[28.7,-71.8],[0.1,0],[8.3,0],[10.6,-0.775],[11.9,-2.5],[18.25,-19.15],[49.9,-19.15],[56.25,-2.5],[57.55,-0.7],[59.85,0],[68.05,0]],"c":true},"ix":2},"nm":"A","mn":"ADBE Vector Shape - Group","hd":false}],"nm":"A","np":5,"cix":2,"bm":0,"ix":1,"mn":"ADBE Vector Group","hd":false}]},"fFamily":"Lato"},{"ch":"Y","size":110,"style":"Medium","w":63,"data":{"shapes":[{"ty":"gr","it":[{"ind":0,"ty":"sh","ix":1,"ks":{"a":0,"k":{"i":[[0,0],[0,0],[0.583,-0.516],[0.333,-0.6],[0,0],[0.483,-1.1],[0.366,-1.066],[0.516,1.1],[0.633,1.234],[0,0],[0.566,0.45],[0.933,0],[0,0],[0,0],[0,0],[0,0],[0,0]],"o":[[0,0],[-0.9,0],[-0.584,0.517],[0,0],[-0.634,1.234],[-0.484,1.1],[-0.4,-1.066],[-0.517,-1.1],[0,0],[-0.367,-0.733],[-0.567,-0.45],[0,0],[0,0],[0,0],[0,0],[0,0],[0,0]],"v":[[63.1,-71.8],[53.7,-71.8],[51.475,-71.025],[50.1,-69.35],[34.55,-42.5],[32.875,-39],[31.6,-35.75],[30.225,-39],[28.5,-42.5],[12.9,-69.35],[11.5,-71.125],[9.25,-71.8],[-0.1,-71.8],[26.2,-28.4],[26.2,0],[36.8,0],[36.8,-28.4]],"c":true},"ix":2},"nm":"Y","mn":"ADBE Vector Shape - Group","hd":false}],"nm":"Y","np":3,"cix":2,"bm":0,"ix":1,"mn":"ADBE Vector Group","hd":false}]},"fFamily":"Lato"},{"ch":"I","size":110,"style":"Medium","w":28.4,"data":{"shapes":[{"ty":"gr","it":[{"ind":0,"ty":"sh","ix":1,"ks":{"a":0,"k":{"i":[[0,0],[0,0],[0,0],[0,0]],"o":[[0,0],[0,0],[0,0],[0,0]],"v":[[19.55,-71.8],[8.85,-71.8],[8.85,0],[19.55,0]],"c":true},"ix":2},"nm":"I","mn":"ADBE Vector Shape - Group","hd":false}],"nm":"I","np":3,"cix":2,"bm":0,"ix":1,"mn":"ADBE Vector Group","hd":false}]},"fFamily":"Lato"},{"ch":"N","size":110,"style":"Medium","w":76.55,"data":{"shapes":[{"ty":"gr","it":[{"ind":0,"ty":"sh","ix":1,"ks":{"a":0,"k":{"i":[[0,0],[0,0],[-0.05,-0.916],[-0.1,-0.966],[0,0],[0.466,0.217],[0.933,0],[0,0],[0,0],[0,0],[0,0],[0.05,0.867],[0.066,0.9],[0,0],[-0.55,-0.3],[-0.834,0],[0,0],[0,0]],"o":[[0,0],[0,0.8],[0.05,0.917],[0,0],[-0.567,-0.766],[-0.467,-0.216],[0,0],[0,0],[0,0],[0,0],[0,-0.766],[-0.05,-0.866],[0,0],[0.566,0.667],[0.55,0.3],[0,0],[0,0],[0,0]],"v":[[58.35,-71.8],[58.35,-22.9],[58.425,-20.325],[58.65,-17.5],[18,-70],[16.45,-71.475],[14.35,-71.8],[8.85,-71.8],[8.85,0],[18.2,0],[18.2,-49.25],[18.125,-51.7],[17.95,-54.35],[58.5,-1.9],[60.175,-0.45],[62.25,0],[67.65,0],[67.65,-71.8]],"c":true},"ix":2},"nm":"N","mn":"ADBE Vector Shape - Group","hd":false}],"nm":"N","np":3,"cix":2,"bm":0,"ix":1,"mn":"ADBE Vector Group","hd":false}]},"fFamily":"Lato"},{"ch":"G","size":110,"style":"Medium","w":72.95,"data":{"shapes":[{"ty":"gr","it":[{"ind":0,"ty":"sh","ix":1,"ks":{"a":0,"k":{"i":[[0,0],[0,0],[-0.417,-0.4],[-0.667,0],[0,0],[0,0],[1.183,-0.5],[1.266,-0.333],[1.383,-0.183],[1.6,0],[3.316,1.267],[2.316,2.417],[1.266,3.484],[0,4.4],[-1.2,3.384],[-2.234,2.4],[-3.167,1.284],[-3.934,0],[-1.934,-0.4],[-1.45,-0.566],[-1.05,-0.666],[-0.867,-0.5],[-0.767,0.2],[-0.467,0.767],[0,0],[1.783,1.117],[2.1,0.8],[2.45,0.434],[2.866,0],[4.55,-1.783],[3.2,-3.216],[1.716,-4.516],[0,-5.433],[-1.784,-4.5],[-3.3,-3.233],[-4.684,-1.8],[-5.8,0],[-4.1,1.283],[-3.634,2.6],[0,0]],"o":[[0,0],[0,0.6],[0.416,0.4],[0,0],[0,0],[-1.167,0.6],[-1.184,0.5],[-1.267,0.334],[-1.384,0.184],[-4.1,0],[-3.317,-1.266],[-2.317,-2.416],[-1.267,-3.483],[0,-4.2],[1.2,-3.383],[2.233,-2.4],[3.166,-1.283],[2.633,0],[1.933,0.4],[1.45,0.567],[1.05,0.667],[0.9,0.567],[0.766,-0.2],[0,0],[-1.534,-1.4],[-1.784,-1.116],[-2.1,-0.8],[-2.45,-0.433],[-5.667,0],[-4.55,1.784],[-3.2,3.217],[-1.717,4.517],[0,5.4],[1.783,4.5],[3.3,3.234],[4.683,1.8],[4.833,0],[4.1,-1.283],[0,0],[0,0]],"v":[[44.95,-34.95],[44.95,-28.9],[45.575,-27.4],[47.2,-26.8],[57.8,-26.8],[57.8,-11.75],[54.275,-10.1],[50.6,-8.85],[46.625,-8.075],[42.15,-7.8],[31.025,-9.7],[22.575,-15.225],[17.2,-24.075],[15.3,-35.9],[17.1,-47.275],[22.25,-55.95],[30.35,-61.475],[41,-63.4],[47.85,-62.8],[52.925,-61.35],[56.675,-59.5],[59.55,-57.75],[62.05,-57.2],[63.9,-58.65],[66.95,-63.45],[61.975,-67.225],[56.15,-70.1],[49.325,-71.95],[41.35,-72.6],[26.025,-69.925],[14.4,-62.425],[7.025,-50.825],[4.45,-35.9],[7.125,-21.05],[14.75,-9.45],[26.725,-1.9],[42.45,0.8],[55.85,-1.125],[67.45,-6.95],[67.45,-34.95]],"c":true},"ix":2},"nm":"G","mn":"ADBE Vector Shape - Group","hd":false}],"nm":"G","np":3,"cix":2,"bm":0,"ix":1,"mn":"ADBE Vector Group","hd":false}]},"fFamily":"Lato"},{"ch":" ","size":110,"style":"Medium","w":25.25,"data":{},"fFamily":"Lato"},{"ch":"O","size":110,"style":"Medium","w":80.25,"data":{"shapes":[{"ty":"gr","it":[{"ind":0,"ty":"sh","ix":1,"ks":{"a":0,"k":{"i":[[1.716,4.5],[3.133,3.25],[4.366,1.817],[5.333,0],[4.383,-1.816],[3.116,-3.25],[1.733,-4.5],[0,-5.333],[-1.734,-4.483],[-3.117,-3.25],[-4.384,-1.8],[-5.3,0],[-4.367,1.8],[-3.134,3.25],[-1.717,4.484],[0,5.367]],"o":[[-1.717,-4.5],[-3.134,-3.25],[-4.367,-1.816],[-5.3,0],[-4.384,1.817],[-3.117,3.25],[-1.734,4.5],[0,5.367],[1.733,4.484],[3.116,3.25],[4.383,1.8],[5.333,0],[4.366,-1.8],[3.133,-3.25],[1.716,-4.483],[0,-5.333]],"v":[[73.175,-50.65],[65.9,-62.275],[54.65,-69.875],[40.1,-72.6],[25.575,-69.875],[14.325,-62.275],[7.05,-50.65],[4.45,-35.9],[7.05,-21.125],[14.325,-9.525],[25.575,-1.95],[40.1,0.75],[54.65,-1.95],[65.9,-9.525],[73.175,-21.125],[75.75,-35.9]],"c":true},"ix":2},"nm":"O","mn":"ADBE Vector Shape - Group","hd":false},{"ind":1,"ty":"sh","ix":2,"ks":{"a":0,"k":{"i":[[1.166,-3.383],[2.15,-2.366],[3.05,-1.25],[3.766,0],[3.05,1.25],[2.166,2.367],[1.166,3.384],[0,4.3],[-1.167,3.4],[-2.167,2.367],[-3.05,1.267],[-3.767,0],[-3.05,-1.266],[-2.15,-2.366],[-1.167,-3.4],[0,-4.266]],"o":[[-1.167,3.384],[-2.15,2.367],[-3.05,1.25],[-3.767,0],[-3.05,-1.25],[-2.167,-2.366],[-1.167,-3.383],[0,-4.266],[1.166,-3.4],[2.166,-2.366],[3.05,-1.266],[3.766,0],[3.05,1.267],[2.15,2.367],[1.166,3.4],[0,4.3]],"v":[[63.1,-24.375],[58.125,-15.75],[50.325,-10.325],[40.1,-8.45],[29.875,-10.325],[22.05,-15.75],[17.05,-24.375],[15.3,-35.9],[17.05,-47.4],[22.05,-56.05],[29.875,-61.5],[40.1,-63.4],[50.325,-61.5],[58.125,-56.05],[63.1,-47.4],[64.85,-35.9]],"c":true},"ix":2},"nm":"O","mn":"ADBE Vector Shape - Group","hd":false}],"nm":"O","np":5,"cix":2,"bm":0,"ix":1,"mn":"ADBE Vector Group","hd":false}]},"fFamily":"Lato"},{"ch":"W","size":110,"style":"Medium","w":103.95,"data":{"shapes":[{"ty":"gr","it":[{"ind":0,"ty":"sh","ix":1,"ks":{"a":0,"k":{"i":[[0,0],[0.666,-0.5],[0.166,-0.666],[0,0],[0.4,-2.3],[0.6,1.834],[0,0],[0.6,0.467],[0.933,0],[0,0],[0.65,-0.5],[0.2,-0.666],[0,0],[0.25,-1.1],[0.233,-1.2],[0.216,1.1],[0.266,0.934],[0,0],[0.633,0.45],[0.933,0],[0,0],[0,0],[0,0],[0,0],[-0.367,1.534],[-0.4,-1.066],[0,0],[0,0],[0,0]],"o":[[-0.9,0],[-0.667,0.5],[0,0],[-0.467,1.867],[-0.467,-2.333],[0,0],[-0.267,-0.733],[-0.6,-0.466],[0,0],[-0.9,0],[-0.65,0.5],[0,0],[-0.334,0.934],[-0.25,1.1],[-0.234,-1.2],[-0.217,-1.1],[0,0],[-0.2,-0.766],[-0.634,-0.45],[0,0],[0,0],[0,0],[0,0],[0.333,-1.033],[0.3,1.5],[0,0],[0,0],[0,0],[0,0]],"v":[[94.3,-71.8],[91.95,-71.05],[90.7,-69.3],[76.5,-21.25],[75.2,-15],[73.6,-21.25],[57.45,-69.3],[56.15,-71.1],[53.85,-71.8],[50.8,-71.8],[48.475,-71.05],[47.2,-69.3],[31,-21.25],[30.125,-18.2],[29.4,-14.75],[28.725,-18.2],[28,-21.25],[13.85,-69.3],[12.6,-71.125],[10.25,-71.8],[1.35,-71.8],[23.75,0],[33.3,0],[51,-53.25],[52.05,-57.1],[53.1,-53.25],[70.6,0],[80.2,0],[102.6,-71.8]],"c":true},"ix":2},"nm":"W","mn":"ADBE Vector Shape - Group","hd":false}],"nm":"W","np":3,"cix":2,"bm":0,"ix":1,"mn":"ADBE Vector Group","hd":false}]},"fFamily":"Lato"}]}