{"v":"5.7.4","fr":60,"ip":0,"op":186,"w":500,"h":500,"nm":"ff","ddd":0,"assets":[{"id":"image_0","w":269,"h":292,"u":"images/","p":"img_0.png","e":0},{"id":"comp_0","layers":[{"ddd":0,"ind":1,"ty":4,"nm":"outline 6","sr":1,"ks":{"o":{"a":0,"k":100,"ix":11},"r":{"a":1,"k":[{"i":{"x":[0.667],"y":[1]},"o":{"x":[0.333],"y":[0]},"t":8,"s":[0]},{"i":{"x":[0.667],"y":[1]},"o":{"x":[0.333],"y":[0]},"t":20,"s":[-7]},{"i":{"x":[0.667],"y":[1]},"o":{"x":[0.333],"y":[0]},"t":38,"s":[3]},{"i":{"x":[0.667],"y":[1]},"o":{"x":[0.333],"y":[0]},"t":53.205,"s":[-1]},{"i":{"x":[0.667],"y":[1]},"o":{"x":[0.333],"y":[0]},"t":68,"s":[0]},{"i":{"x":[0.667],"y":[1]},"o":{"x":[0.333],"y":[0]},"t":80,"s":[-7]},{"i":{"x":[0.667],"y":[1]},"o":{"x":[0.333],"y":[0]},"t":98,"s":[3]},{"i":{"x":[0.667],"y":[1]},"o":{"x":[0.333],"y":[0]},"t":113.205,"s":[-1]},{"i":{"x":[0.667],"y":[1]},"o":{"x":[0.333],"y":[0]},"t":128,"s":[0]},{"i":{"x":[0.667],"y":[1]},"o":{"x":[0.333],"y":[0]},"t":140,"s":[-7]},{"i":{"x":[0.667],"y":[1]},"o":{"x":[0.333],"y":[0]},"t":158,"s":[3]},{"i":{"x":[0.667],"y":[1]},"o":{"x":[0.333],"y":[0]},"t":173.205,"s":[-1]},{"i":{"x":[0.667],"y":[1]},"o":{"x":[0.333],"y":[0]},"t":187,"s":[0]},{"t":188,"s":[0]}],"ix":10},"p":{"a":1,"k":[{"i":{"x":0.667,"y":1},"o":{"x":0.333,"y":0},"t":8,"s":[387.834,423.343,0],"to":[0,0,0],"ti":[0,0,0]},{"i":{"x":0.667,"y":1},"o":{"x":0.333,"y":0},"t":20,"s":[394.834,444.343,0],"to":[0,0,0],"ti":[0,0,0]},{"i":{"x":0.667,"y":1},"o":{"x":0.333,"y":0},"t":38,"s":[387.834,400.843,0],"to":[0,0,0],"ti":[0,0,0]},{"i":{"x":0.667,"y":1},"o":{"x":0.333,"y":0},"t":53.205,"s":[387.834,428.343,0],"to":[0,0,0],"ti":[0,0,0]},{"i":{"x":0.667,"y":1},"o":{"x":0.333,"y":0},"t":68,"s":[387.834,423.343,0],"to":[0,0,0],"ti":[0,0,0]},{"i":{"x":0.667,"y":1},"o":{"x":0.333,"y":0},"t":80,"s":[394.834,444.343,0],"to":[0,0,0],"ti":[0,0,0]},{"i":{"x":0.667,"y":1},"o":{"x":0.333,"y":0},"t":98,"s":[387.834,400.843,0],"to":[0,0,0],"ti":[0,0,0]},{"i":{"x":0.667,"y":1},"o":{"x":0.333,"y":0},"t":113.205,"s":[387.834,428.343,0],"to":[0,0,0],"ti":[0,0,0]},{"i":{"x":0.667,"y":1},"o":{"x":0.333,"y":0},"t":128,"s":[387.834,423.343,0],"to":[0,0,0],"ti":[0,0,0]},{"i":{"x":0.667,"y":1},"o":{"x":0.333,"y":0},"t":140,"s":[394.834,444.343,0],"to":[0,0,0],"ti":[0,0,0]},{"i":{"x":0.667,"y":1},"o":{"x":0.333,"y":0},"t":158,"s":[387.834,400.843,0],"to":[0,0,0],"ti":[0,0,0]},{"i":{"x":0.667,"y":1},"o":{"x":0.333,"y":0},"t":173.205,"s":[387.834,428.343,0],"to":[0,0,0],"ti":[0,0,0]},{"i":{"x":0.667,"y":0.667},"o":{"x":0.333,"y":0.333},"t":187,"s":[387.834,423.343,0],"to":[0,0,0],"ti":[0,0,0]},{"t":188,"s":[387.834,423.343,0]}],"ix":2,"l":2},"a":{"a":0,"k":[87.834,123.343,0],"ix":1,"l":2},"s":{"a":0,"k":[100,100,100],"ix":6,"l":2}},"ao":0,"shapes":[{"ty":"gr","it":[{"ind":0,"ty":"sh","ix":1,"ks":{"a":1,"k":[{"i":{"x":0.667,"y":1},"o":{"x":0.333,"y":0},"t":8,"s":[{"i":[[0,0],[0,0],[0,0],[0,0]],"o":[[0,0],[0,0],[0,0],[0,0]],"v":[[133.658,100.716],[151.654,127.606],[63.207,186.806],[45.192,159.888]],"c":false}]},{"i":{"x":0.667,"y":1},"o":{"x":0.333,"y":0},"t":68,"s":[{"i":[[0,0],[0,0],[0,0],[0,0]],"o":[[0,0],[0,0],[0,0],[0,0]],"v":[[133.658,100.716],[151.654,127.606],[63.207,186.806],[45.192,159.888]],"c":false}]},{"i":{"x":0.667,"y":1},"o":{"x":0.333,"y":0},"t":128,"s":[{"i":[[0,0],[0,0],[0,0],[0,0]],"o":[[0,0],[0,0],[0,0],[0,0]],"v":[[133.658,100.716],[151.654,127.606],[63.207,186.806],[45.192,159.888]],"c":false}]},{"t":187,"s":[{"i":[[0,0],[0,0],[0,0],[0,0]],"o":[[0,0],[0,0],[0,0],[0,0]],"v":[[133.658,100.716],[151.654,127.606],[63.207,186.806],[45.192,159.888]],"c":false}]}],"ix":2},"nm":"Path 1","mn":"ADBE Vector Shape - Group","hd":false},{"ind":1,"ty":"sh","ix":2,"ks":{"a":1,"k":[{"i":{"x":0.667,"y":1},"o":{"x":0.333,"y":0},"t":8,"s":[{"i":[[0,0],[0,0],[-3.729,11.059],[-8.866,0],[-2.23,-0.759],[0,0],[0,0],[-0.009,-0.018],[-1.636,-5.822],[0,0],[0,0],[29.495,-19.724],[0,0]],"o":[[0,0],[-11.059,-3.738],[2.98,-8.838],[-0.786,0.018],[0,0],[0,0],[0,0],[4.99,2.623],[0,0],[0,0],[0,0],[0,0],[0,0]],"v":[[64.212,30.705],[15.404,13.905],[2.078,-13.003],[22.25,-27.444],[28.996,-26.329],[64.212,-12.637],[96.705,-1.313],[96.751,-1.285],[107.326,11.739],[122.873,67.164],[133.667,100.708],[45.192,159.889],[-10.708,108.184]],"c":false}]},{"i":{"x":0.243,"y":1},"o":{"x":0.333,"y":0},"t":20.801,"s":[{"i":[[0,0],[0,0],[2.21,11.46],[-7.713,4.372],[-2.314,0.44],[0,0],[0,0],[-0.009,-0.018],[-3.326,-13.739],[0,0],[0,0],[29.495,-19.724],[0,0]],"o":[[0,0],[-11.465,2.202],[-1.766,-9.158],[-0.675,0.404],[0,0],[0,0],[0,0],[19.249,-1.215],[0,0],[0,0],[0,0],[0,0],[0,0]],"v":[[64.315,41.389],[17.811,46.136],[-7.051,29.299],[3.376,6.788],[9.794,4.432],[64.061,0.886],[73.205,0.437],[73.251,0.465],[110.826,23.239],[122.873,67.164],[133.667,100.708],[45.192,159.889],[-10.708,108.184]],"c":false}]},{"i":{"x":0.667,"y":1},"o":{"x":0.333,"y":0},"t":40,"s":[{"i":[[0,0],[0,0],[-6.288,9.833],[-8.604,-2.14],[-1.981,-1.275],[0,0],[0,0],[-0.009,-0.018],[-3.076,-10.239],[0,0],[0,0],[29.495,-19.724],[0,0]],"o":[[0,0],[-9.83,-6.297],[5.025,-7.858],[-0.767,-0.172],[0,0],[0,0],[0,0],[4.749,5.035],[0,0],[0,0],[0,0],[0,0],[0,0]],"v":[[63.971,19.544],[10.411,-18.04],[3.974,-47.369],[27.035,-56.514],[33.312,-53.804],[64.182,-32.017],[97.955,-4.813],[98.001,-4.785],[108.326,16.239],[122.873,67.164],[133.667,100.708],[45.192,159.889],[-10.708,108.184]],"c":false}]},{"i":{"x":0.667,"y":1},"o":{"x":0.167,"y":0},"t":56,"s":[{"i":[[0,0],[0,0],[-3.729,11.059],[-8.866,0],[-2.23,-0.759],[0,0],[0,0],[-0.009,-0.018],[-1.636,-5.822],[0,0],[0,0],[29.495,-19.724],[0,0]],"o":[[0,0],[-11.059,-3.738],[2.98,-8.838],[-0.786,0.018],[0,0],[0,0],[0,0],[4.99,2.623],[0,0],[0,0],[0,0],[0,0],[0,0]],"v":[[64.212,30.705],[15.404,13.905],[2.078,-13.003],[22.25,-27.444],[28.996,-26.329],[64.212,-12.637],[96.705,-1.313],[96.751,-1.285],[107.326,11.739],[122.873,67.164],[133.667,100.708],[45.192,159.889],[-10.708,108.184]],"c":false}]},{"i":{"x":0.667,"y":1},"o":{"x":0.333,"y":0},"t":68,"s":[{"i":[[0,0],[0,0],[-3.729,11.059],[-8.866,0],[-2.23,-0.759],[0,0],[0,0],[-0.009,-0.018],[-1.636,-5.822],[0,0],[0,0],[29.495,-19.724],[0,0]],"o":[[0,0],[-11.059,-3.738],[2.98,-8.838],[-0.786,0.018],[0,0],[0,0],[0,0],[4.99,2.623],[0,0],[0,0],[0,0],[0,0],[0,0]],"v":[[64.212,30.705],[15.404,13.905],[2.078,-13.003],[22.25,-27.444],[28.996,-26.329],[64.212,-12.637],[96.705,-1.313],[96.751,-1.285],[107.326,11.739],[122.873,67.164],[133.667,100.708],[45.192,159.889],[-10.708,108.184]],"c":false}]},{"i":{"x":0.243,"y":1},"o":{"x":0.333,"y":0},"t":80.801,"s":[{"i":[[0,0],[0,0],[2.21,11.46],[-7.713,4.372],[-2.314,0.44],[0,0],[0,0],[-0.009,-0.018],[-3.326,-13.739],[0,0],[0,0],[29.495,-19.724],[0,0]],"o":[[0,0],[-11.465,2.202],[-1.766,-9.158],[-0.675,0.404],[0,0],[0,0],[0,0],[19.249,-1.215],[0,0],[0,0],[0,0],[0,0],[0,0]],"v":[[64.315,41.389],[17.811,46.136],[-7.051,29.299],[3.376,6.788],[9.794,4.432],[64.061,0.886],[73.205,0.437],[73.251,0.465],[110.826,23.239],[122.873,67.164],[133.667,100.708],[45.192,159.889],[-10.708,108.184]],"c":false}]},{"i":{"x":0.667,"y":1},"o":{"x":0.333,"y":0},"t":100,"s":[{"i":[[0,0],[0,0],[-6.288,9.833],[-8.604,-2.14],[-1.981,-1.275],[0,0],[0,0],[-0.009,-0.018],[-3.076,-10.239],[0,0],[0,0],[29.495,-19.724],[0,0]],"o":[[0,0],[-9.83,-6.297],[5.025,-7.858],[-0.767,-0.172],[0,0],[0,0],[0,0],[4.749,5.035],[0,0],[0,0],[0,0],[0,0],[0,0]],"v":[[63.971,19.544],[10.411,-18.04],[3.974,-47.369],[27.035,-56.514],[33.312,-53.804],[64.182,-32.017],[97.955,-4.813],[98.001,-4.785],[108.326,16.239],[122.873,67.164],[133.667,100.708],[45.192,159.889],[-10.708,108.184]],"c":false}]},{"i":{"x":0.667,"y":1},"o":{"x":0.167,"y":0},"t":116,"s":[{"i":[[0,0],[0,0],[-3.729,11.059],[-8.866,0],[-2.23,-0.759],[0,0],[0,0],[-0.009,-0.018],[-1.636,-5.822],[0,0],[0,0],[29.495,-19.724],[0,0]],"o":[[0,0],[-11.059,-3.738],[2.98,-8.838],[-0.786,0.018],[0,0],[0,0],[0,0],[4.99,2.623],[0,0],[0,0],[0,0],[0,0],[0,0]],"v":[[64.212,30.705],[15.404,13.905],[2.078,-13.003],[22.25,-27.444],[28.996,-26.329],[64.212,-12.637],[96.705,-1.313],[96.751,-1.285],[107.326,11.739],[122.873,67.164],[133.667,100.708],[45.192,159.889],[-10.708,108.184]],"c":false}]},{"i":{"x":0.667,"y":1},"o":{"x":0.333,"y":0},"t":128,"s":[{"i":[[0,0],[0,0],[-3.729,11.059],[-8.866,0],[-2.23,-0.759],[0,0],[0,0],[-0.009,-0.018],[-1.636,-5.822],[0,0],[0,0],[29.495,-19.724],[0,0]],"o":[[0,0],[-11.059,-3.738],[2.98,-8.838],[-0.786,0.018],[0,0],[0,0],[0,0],[4.99,2.623],[0,0],[0,0],[0,0],[0,0],[0,0]],"v":[[64.212,30.705],[15.404,13.905],[2.078,-13.003],[22.25,-27.444],[28.996,-26.329],[64.212,-12.637],[96.705,-1.313],[96.751,-1.285],[107.326,11.739],[122.873,67.164],[133.667,100.708],[45.192,159.889],[-10.708,108.184]],"c":false}]},{"i":{"x":0.243,"y":1},"o":{"x":0.333,"y":0},"t":140.801,"s":[{"i":[[0,0],[0,0],[2.21,11.46],[-7.713,4.372],[-2.314,0.44],[0,0],[0,0],[-0.009,-0.018],[-3.326,-13.739],[0,0],[0,0],[29.495,-19.724],[0,0]],"o":[[0,0],[-11.465,2.202],[-1.766,-9.158],[-0.675,0.404],[0,0],[0,0],[0,0],[19.249,-1.215],[0,0],[0,0],[0,0],[0,0],[0,0]],"v":[[64.315,41.389],[17.811,46.136],[-7.051,29.299],[3.376,6.788],[9.794,4.432],[64.061,0.886],[73.205,0.437],[73.251,0.465],[110.826,23.239],[122.873,67.164],[133.667,100.708],[45.192,159.889],[-10.708,108.184]],"c":false}]},{"i":{"x":0.667,"y":1},"o":{"x":0.333,"y":0},"t":160,"s":[{"i":[[0,0],[0,0],[-6.288,9.833],[-8.604,-2.14],[-1.981,-1.275],[0,0],[0,0],[-0.009,-0.018],[-3.076,-10.239],[0,0],[0,0],[29.495,-19.724],[0,0]],"o":[[0,0],[-9.83,-6.297],[5.025,-7.858],[-0.767,-0.172],[0,0],[0,0],[0,0],[4.749,5.035],[0,0],[0,0],[0,0],[0,0],[0,0]],"v":[[63.971,19.544],[10.411,-18.04],[3.974,-47.369],[27.035,-56.514],[33.312,-53.804],[64.182,-32.017],[97.955,-4.813],[98.001,-4.785],[108.326,16.239],[122.873,67.164],[133.667,100.708],[45.192,159.889],[-10.708,108.184]],"c":false}]},{"i":{"x":0.667,"y":1},"o":{"x":0.167,"y":0},"t":176,"s":[{"i":[[0,0],[0,0],[-3.729,11.059],[-8.866,0],[-2.23,-0.759],[0,0],[0,0],[-0.009,-0.018],[-1.636,-5.822],[0,0],[0,0],[29.495,-19.724],[0,0]],"o":[[0,0],[-11.059,-3.738],[2.98,-8.838],[-0.786,0.018],[0,0],[0,0],[0,0],[4.99,2.623],[0,0],[0,0],[0,0],[0,0],[0,0]],"v":[[64.212,30.705],[15.404,13.905],[2.078,-13.003],[22.25,-27.444],[28.996,-26.329],[64.212,-12.637],[96.705,-1.313],[96.751,-1.285],[107.326,11.739],[122.873,67.164],[133.667,100.708],[45.192,159.889],[-10.708,108.184]],"c":false}]},{"t":187,"s":[{"i":[[0,0],[0,0],[-3.729,11.059],[-8.866,0],[-2.23,-0.759],[0,0],[0,0],[-0.009,-0.018],[-1.636,-5.822],[0,0],[0,0],[29.495,-19.724],[0,0]],"o":[[0,0],[-11.059,-3.738],[2.98,-8.838],[-0.786,0.018],[0,0],[0,0],[0,0],[4.99,2.623],[0,0],[0,0],[0,0],[0,0],[0,0]],"v":[[64.212,30.705],[15.404,13.905],[2.078,-13.003],[22.25,-27.444],[28.996,-26.329],[64.212,-12.637],[96.705,-1.313],[96.751,-1.285],[107.326,11.739],[122.873,67.164],[133.667,100.708],[45.192,159.889],[-10.708,108.184]],"c":false}]}],"ix":2},"nm":"Path 2","mn":"ADBE Vector Shape - Group","hd":false},{"ind":2,"ty":"sh","ix":3,"ks":{"a":1,"k":[{"i":{"x":0.667,"y":1},"o":{"x":0.333,"y":0},"t":8,"s":[{"i":[[0,0],[0,0],[12.705,0],[0,0],[0,12.705],[0,0],[-12.705,0],[0,0],[0,-12.695],[0,0]],"o":[[0,0],[0,12.705],[0,0],[-12.705,0],[0,0],[0,-12.695],[0,0],[12.705,0],[0,0],[0,0]],"v":[[64.212,30.705],[64.212,85.097],[41.125,108.184],[-64.899,108.184],[-87.987,85.097],[-87.987,-137.032],[-64.899,-160.12],[41.125,-160.12],[64.212,-137.032],[64.212,-12.637]],"c":false}]},{"i":{"x":0.243,"y":1},"o":{"x":0.333,"y":0},"t":20.801,"s":[{"i":[[0,0],[0,0],[12.705,0],[0,0],[0,12.705],[0,0],[-12.705,0],[0,0],[0,-12.695],[0,0]],"o":[[0,0],[0,12.705],[0,0],[-12.705,0],[0,0],[0,-12.695],[0,0],[12.705,0],[0,0],[0,0]],"v":[[64.315,41.389],[64.212,85.097],[41.125,108.184],[-64.899,108.184],[-87.987,85.097],[-87.987,-137.032],[-64.899,-160.12],[41.125,-160.12],[64.212,-137.032],[64.061,0.886]],"c":false}]},{"i":{"x":0.667,"y":1},"o":{"x":0.333,"y":0},"t":40,"s":[{"i":[[0,0],[0,0],[12.705,0],[0,0],[0,12.705],[0,0],[-12.705,0],[0,0],[0,-12.695],[0,0]],"o":[[0,0],[0,12.705],[0,0],[-12.705,0],[0,0],[0,-12.695],[0,0],[12.705,0],[0,0],[0,0]],"v":[[63.971,19.544],[64.212,85.097],[41.125,108.184],[-64.899,108.184],[-87.987,85.097],[-87.987,-137.032],[-64.899,-160.12],[41.125,-160.12],[64.212,-137.032],[64.182,-32.017]],"c":false}]},{"i":{"x":0.667,"y":1},"o":{"x":0.167,"y":0},"t":56,"s":[{"i":[[0,0],[0,0],[12.705,0],[0,0],[0,12.705],[0,0],[-12.705,0],[0,0],[0,-12.695],[0,0]],"o":[[0,0],[0,12.705],[0,0],[-12.705,0],[0,0],[0,-12.695],[0,0],[12.705,0],[0,0],[0,0]],"v":[[64.212,30.705],[64.212,85.097],[41.125,108.184],[-64.899,108.184],[-87.987,85.097],[-87.987,-137.032],[-64.899,-160.12],[41.125,-160.12],[64.212,-137.032],[64.212,-12.637]],"c":false}]},{"i":{"x":0.667,"y":1},"o":{"x":0.333,"y":0},"t":68,"s":[{"i":[[0,0],[0,0],[12.705,0],[0,0],[0,12.705],[0,0],[-12.705,0],[0,0],[0,-12.695],[0,0]],"o":[[0,0],[0,12.705],[0,0],[-12.705,0],[0,0],[0,-12.695],[0,0],[12.705,0],[0,0],[0,0]],"v":[[64.212,30.705],[64.212,85.097],[41.125,108.184],[-64.899,108.184],[-87.987,85.097],[-87.987,-137.032],[-64.899,-160.12],[41.125,-160.12],[64.212,-137.032],[64.212,-12.637]],"c":false}]},{"i":{"x":0.243,"y":1},"o":{"x":0.333,"y":0},"t":80.801,"s":[{"i":[[0,0],[0,0],[12.705,0],[0,0],[0,12.705],[0,0],[-12.705,0],[0,0],[0,-12.695],[0,0]],"o":[[0,0],[0,12.705],[0,0],[-12.705,0],[0,0],[0,-12.695],[0,0],[12.705,0],[0,0],[0,0]],"v":[[64.315,41.389],[64.212,85.097],[41.125,108.184],[-64.899,108.184],[-87.987,85.097],[-87.987,-137.032],[-64.899,-160.12],[41.125,-160.12],[64.212,-137.032],[64.061,0.886]],"c":false}]},{"i":{"x":0.667,"y":1},"o":{"x":0.333,"y":0},"t":100,"s":[{"i":[[0,0],[0,0],[12.705,0],[0,0],[0,12.705],[0,0],[-12.705,0],[0,0],[0,-12.695],[0,0]],"o":[[0,0],[0,12.705],[0,0],[-12.705,0],[0,0],[0,-12.695],[0,0],[12.705,0],[0,0],[0,0]],"v":[[63.971,19.544],[64.212,85.097],[41.125,108.184],[-64.899,108.184],[-87.987,85.097],[-87.987,-137.032],[-64.899,-160.12],[41.125,-160.12],[64.212,-137.032],[64.182,-32.017]],"c":false}]},{"i":{"x":0.667,"y":1},"o":{"x":0.167,"y":0},"t":116,"s":[{"i":[[0,0],[0,0],[12.705,0],[0,0],[0,12.705],[0,0],[-12.705,0],[0,0],[0,-12.695],[0,0]],"o":[[0,0],[0,12.705],[0,0],[-12.705,0],[0,0],[0,-12.695],[0,0],[12.705,0],[0,0],[0,0]],"v":[[64.212,30.705],[64.212,85.097],[41.125,108.184],[-64.899,108.184],[-87.987,85.097],[-87.987,-137.032],[-64.899,-160.12],[41.125,-160.12],[64.212,-137.032],[64.212,-12.637]],"c":false}]},{"i":{"x":0.667,"y":1},"o":{"x":0.333,"y":0},"t":128,"s":[{"i":[[0,0],[0,0],[12.705,0],[0,0],[0,12.705],[0,0],[-12.705,0],[0,0],[0,-12.695],[0,0]],"o":[[0,0],[0,12.705],[0,0],[-12.705,0],[0,0],[0,-12.695],[0,0],[12.705,0],[0,0],[0,0]],"v":[[64.212,30.705],[64.212,85.097],[41.125,108.184],[-64.899,108.184],[-87.987,85.097],[-87.987,-137.032],[-64.899,-160.12],[41.125,-160.12],[64.212,-137.032],[64.212,-12.637]],"c":false}]},{"i":{"x":0.243,"y":1},"o":{"x":0.333,"y":0},"t":140.801,"s":[{"i":[[0,0],[0,0],[12.705,0],[0,0],[0,12.705],[0,0],[-12.705,0],[0,0],[0,-12.695],[0,0]],"o":[[0,0],[0,12.705],[0,0],[-12.705,0],[0,0],[0,-12.695],[0,0],[12.705,0],[0,0],[0,0]],"v":[[64.315,41.389],[64.212,85.097],[41.125,108.184],[-64.899,108.184],[-87.987,85.097],[-87.987,-137.032],[-64.899,-160.12],[41.125,-160.12],[64.212,-137.032],[64.061,0.886]],"c":false}]},{"i":{"x":0.667,"y":1},"o":{"x":0.333,"y":0},"t":160,"s":[{"i":[[0,0],[0,0],[12.705,0],[0,0],[0,12.705],[0,0],[-12.705,0],[0,0],[0,-12.695],[0,0]],"o":[[0,0],[0,12.705],[0,0],[-12.705,0],[0,0],[0,-12.695],[0,0],[12.705,0],[0,0],[0,0]],"v":[[63.971,19.544],[64.212,85.097],[41.125,108.184],[-64.899,108.184],[-87.987,85.097],[-87.987,-137.032],[-64.899,-160.12],[41.125,-160.12],[64.212,-137.032],[64.182,-32.017]],"c":false}]},{"i":{"x":0.667,"y":1},"o":{"x":0.167,"y":0},"t":176,"s":[{"i":[[0,0],[0,0],[12.705,0],[0,0],[0,12.705],[0,0],[-12.705,0],[0,0],[0,-12.695],[0,0]],"o":[[0,0],[0,12.705],[0,0],[-12.705,0],[0,0],[0,-12.695],[0,0],[12.705,0],[0,0],[0,0]],"v":[[64.212,30.705],[64.212,85.097],[41.125,108.184],[-64.899,108.184],[-87.987,85.097],[-87.987,-137.032],[-64.899,-160.12],[41.125,-160.12],[64.212,-137.032],[64.212,-12.637]],"c":false}]},{"t":187,"s":[{"i":[[0,0],[0,0],[12.705,0],[0,0],[0,12.705],[0,0],[-12.705,0],[0,0],[0,-12.695],[0,0]],"o":[[0,0],[0,12.705],[0,0],[-12.705,0],[0,0],[0,-12.695],[0,0],[12.705,0],[0,0],[0,0]],"v":[[64.212,30.705],[64.212,85.097],[41.125,108.184],[-64.899,108.184],[-87.987,85.097],[-87.987,-137.032],[-64.899,-160.12],[41.125,-160.12],[64.212,-137.032],[64.212,-12.637]],"c":false}]}],"ix":2},"nm":"Path 3","mn":"ADBE Vector Shape - Group","hd":false},{"ty":"st","c":{"a":0,"k":[1,1,1,1],"ix":3},"o":{"a":0,"k":100,"ix":4},"w":{"a":0,"k":12,"ix":5},"lc":2,"lj":2,"bm":0,"nm":"Stroke 1","mn":"ADBE Vector Graphic - Stroke","hd":false},{"ty":"tr","p":{"a":0,"k":[0,0],"ix":2},"a":{"a":0,"k":[0,0],"ix":1},"s":{"a":0,"k":[100,100],"ix":3},"r":{"a":0,"k":0,"ix":6},"o":{"a":0,"k":100,"ix":7},"sk":{"a":0,"k":0,"ix":4},"sa":{"a":0,"k":0,"ix":5},"nm":"Transform"}],"nm":"Group 1","np":4,"cix":2,"bm":0,"ix":1,"mn":"ADBE Vector Group","hd":false},{"ty":"gr","it":[{"ind":0,"ty":"sh","ix":1,"ks":{"a":0,"k":{"i":[[0,0],[0,0]],"o":[[0,0],[0,0]],"v":[[7.442,-133.011],[-31.216,-133.011]],"c":false},"ix":2},"nm":"Path 1","mn":"ADBE Vector Shape - Group","hd":false},{"ty":"st","c":{"a":0,"k":[0.92156869173,0.321568638086,0.172549024224,1],"ix":3},"o":{"a":0,"k":100,"ix":4},"w":{"a":0,"k":10,"ix":5},"lc":2,"lj":2,"bm":0,"nm":"Stroke 1","mn":"ADBE Vector Graphic - Stroke","hd":false},{"ty":"tr","p":{"a":0,"k":[0,0],"ix":2},"a":{"a":0,"k":[0,0],"ix":1},"s":{"a":0,"k":[100,100],"ix":3},"r":{"a":0,"k":0,"ix":6},"o":{"a":0,"k":100,"ix":7},"sk":{"a":0,"k":0,"ix":4},"sa":{"a":0,"k":0,"ix":5},"nm":"Transform"}],"nm":"Group 3","np":2,"cix":2,"bm":0,"ix":2,"mn":"ADBE Vector Group","hd":false}],"ip":0,"op":189,"st":8,"bm":0},{"ddd":0,"ind":2,"ty":0,"nm":"user face","refId":"comp_1","sr":1,"ks":{"o":{"a":0,"k":100,"ix":11},"r":{"a":0,"k":0,"ix":10},"p":{"a":1,"k":[{"i":{"x":0.667,"y":1},"o":{"x":0.333,"y":0},"t":7,"s":[287.834,291.343,0],"to":[0,0,0],"ti":[0,0,0]},{"i":{"x":0.667,"y":1},"o":{"x":0.333,"y":0},"t":19,"s":[294.834,312.343,0],"to":[0,0,0],"ti":[0,0,0]},{"i":{"x":0.667,"y":1},"o":{"x":0.333,"y":0},"t":37,"s":[287.834,268.843,0],"to":[0,0,0],"ti":[0,0,0]},{"i":{"x":0.833,"y":1},"o":{"x":0.167,"y":0},"t":52.205,"s":[287.834,296.343,0],"to":[0,0,0],"ti":[0,0,0]},{"i":{"x":0.667,"y":1},"o":{"x":0.333,"y":0},"t":68,"s":[287.834,291.343,0],"to":[0,0,0],"ti":[0,0,0]},{"i":{"x":0.667,"y":1},"o":{"x":0.333,"y":0},"t":80,"s":[294.834,312.343,0],"to":[0,0,0],"ti":[0,0,0]},{"i":{"x":0.667,"y":1},"o":{"x":0.333,"y":0},"t":98,"s":[287.834,268.843,0],"to":[0,0,0],"ti":[0,0,0]},{"i":{"x":0.833,"y":1},"o":{"x":0.167,"y":0},"t":113.205,"s":[287.834,296.343,0],"to":[0,0,0],"ti":[0,0,0]},{"i":{"x":0.667,"y":1},"o":{"x":0.333,"y":0},"t":129,"s":[287.834,291.343,0],"to":[0,0,0],"ti":[0,0,0]},{"i":{"x":0.667,"y":1},"o":{"x":0.333,"y":0},"t":141,"s":[294.834,312.343,0],"to":[0,0,0],"ti":[0,0,0]},{"i":{"x":0.667,"y":1},"o":{"x":0.333,"y":0},"t":159,"s":[287.834,268.843,0],"to":[0,0,0],"ti":[0,0,0]},{"i":{"x":0.833,"y":1},"o":{"x":0.167,"y":0},"t":174.205,"s":[287.834,296.343,0],"to":[0,0,0],"ti":[0,0,0]},{"t":188,"s":[287.834,291.343,0]}],"ix":2,"l":2},"a":{"a":0,"k":[150,273.5,0],"ix":1,"l":2},"s":{"a":0,"k":[40,40,100],"ix":6,"l":2}},"ao":0,"w":300,"h":547,"ip":0,"op":189,"st":-53,"bm":0},{"ddd":0,"ind":3,"ty":1,"nm":"Black Solid 1","sr":1,"ks":{"o":{"a":0,"k":60,"ix":11},"r":{"a":0,"k":0,"ix":10},"p":{"a":0,"k":[300,300,0],"ix":2,"l":2},"a":{"a":0,"k":[250,250,0],"ix":1,"l":2},"s":{"a":0,"k":[147,147,100],"ix":6,"l":2}},"ao":0,"sw":500,"sh":500,"sc":"#000000","ip":0,"op":189,"st":-53,"bm":0}]},{"id":"comp_1","layers":[{"ddd":0,"ind":1,"ty":2,"nm":"play-button (4).png","cl":"png","refId":"image_0","sr":1,"ks":{"o":{"a":0,"k":100,"ix":11},"r":{"a":0,"k":0,"ix":10},"p":{"a":1,"k":[{"i":{"x":0.667,"y":1},"o":{"x":0.333,"y":0},"t":75.6,"s":[150,270,0],"to":[0,-81,0],"ti":[0,81,0]},{"i":{"x":0.667,"y":0.667},"o":{"x":0.333,"y":0.333},"t":104.4,"s":[150,-216,0],"to":[0,0,0],"ti":[0,0,0]},{"i":{"x":0.667,"y":1},"o":{"x":0.333,"y":0},"t":133.2,"s":[150,-216,0],"to":[0,-106.833,0],"ti":[0,106.833,0]},{"i":{"x":0.667,"y":0.667},"o":{"x":0.333,"y":0.333},"t":166.8,"s":[150,-857,0],"to":[0,0,0],"ti":[0,0,0]},{"i":{"x":0.667,"y":1},"o":{"x":0.333,"y":0},"t":194.4,"s":[150,-857,0],"to":[0,-112.833,0],"ti":[0,112.833,0]},{"t":242.4,"s":[150,-1534,0]}],"ix":2,"l":2},"a":{"a":0,"k":[134.5,146,0],"ix":1,"l":2},"s":{"a":0,"k":[33.48,33.48,100],"ix":6,"l":2}},"ao":0,"ip":0,"op":600,"st":0,"bm":0},{"ddd":0,"ind":2,"ty":2,"nm":"play-button (4).png","cl":"png","parent":1,"refId":"image_0","sr":1,"ks":{"o":{"a":0,"k":100,"ix":11},"r":{"a":0,"k":0,"ix":10},"p":{"a":0,"k":[134.5,1600.425,0],"ix":2,"l":2},"a":{"a":0,"k":[134.5,146,0],"ix":1,"l":2},"s":{"a":0,"k":[100,100,100],"ix":6,"l":2}},"ao":0,"ip":0,"op":600,"st":0,"bm":0},{"ddd":0,"ind":3,"ty":2,"nm":"play-button (4).png","cl":"png","parent":1,"refId":"image_0","sr":1,"ks":{"o":{"a":0,"k":100,"ix":11},"r":{"a":0,"k":0,"ix":10},"p":{"a":0,"k":[134.5,3507.19,0],"ix":2,"l":2},"a":{"a":0,"k":[134.5,146,0],"ix":1,"l":2},"s":{"a":0,"k":[100,100,100],"ix":6,"l":2}},"ao":0,"ip":0,"op":600,"st":0,"bm":0},{"ddd":0,"ind":4,"ty":2,"nm":"play-button (4).png","cl":"png","parent":1,"refId":"image_0","sr":1,"ks":{"o":{"a":0,"k":100,"ix":11},"r":{"a":0,"k":0,"ix":10},"p":{"a":0,"k":[134.5,5532.421,0],"ix":2,"l":2},"a":{"a":0,"k":[134.5,146,0],"ix":1,"l":2},"s":{"a":0,"k":[100,100,100],"ix":6,"l":2}},"ao":0,"ip":0,"op":600,"st":0,"bm":0}]}],"layers":[{"ddd":0,"ind":1,"ty":0,"nm":"1","refId":"comp_0","sr":1,"ks":{"o":{"a":0,"k":100,"ix":11},"r":{"a":0,"k":0,"ix":10},"p":{"a":0,"k":[250,210,0],"ix":2,"l":2},"a":{"a":0,"k":[300,300,0],"ix":1,"l":2},"s":{"a":0,"k":[100,100,100],"ix":6,"l":2}},"ao":0,"w":600,"h":600,"ip":0,"op":186,"st":-3,"bm":0}],"markers":[]}