{"v":"5.6.3","fr":60,"ip":0,"op":361,"w":388,"h":388,"nm":"Icon","ddd":0,"assets":[{"id":"image_0","w":33,"h":33,"u":"images/","p":"img_0.png","e":0},{"id":"image_1","w":37,"h":37,"u":"images/","p":"img_1.png","e":0},{"id":"image_2","w":123,"h":40,"u":"images/","p":"img_2.png","e":0},{"id":"image_3","w":298,"h":275,"u":"images/","p":"img_3.png","e":0},{"id":"comp_0","layers":[{"ddd":0,"ind":1,"ty":2,"nm":"Eyes","parent":7,"refId":"image_0","sr":1,"ks":{"o":{"a":0,"k":100,"ix":11},"r":{"a":1,"k":[{"i":{"x":[0.667],"y":[1]},"o":{"x":[0.333],"y":[0]},"t":116,"s":[0]},{"i":{"x":[0.667],"y":[1]},"o":{"x":[0.333],"y":[0]},"t":126,"s":[-19]},{"i":{"x":[0.833],"y":[1]},"o":{"x":[0.167],"y":[0]},"t":136,"s":[0]},{"i":{"x":[0.667],"y":[1]},"o":{"x":[0.333],"y":[0]},"t":222,"s":[0]},{"i":{"x":[0.667],"y":[1]},"o":{"x":[0.333],"y":[0]},"t":232,"s":[-19]},{"t":242,"s":[0]}],"ix":10},"p":{"a":0,"k":[195.85,86.95,0],"ix":2},"a":{"a":0,"k":[16.05,16.05,0],"ix":1},"s":{"a":1,"k":[{"i":{"x":[0.667,0.667,0.667],"y":[1,1,1]},"o":{"x":[0.333,0.333,0.333],"y":[0,0,0]},"t":116,"s":[100,100,100]},{"i":{"x":[0.667,0.667,0.667],"y":[1.279,1,1]},"o":{"x":[0.333,0.333,0.333],"y":[0,0,0]},"t":126,"s":[100,4,100]},{"i":{"x":[0.833,0.833,0.833],"y":[1,1,1]},"o":{"x":[0.167,0.167,0.167],"y":[0,0,0]},"t":136,"s":[100,100,100]},{"i":{"x":[0.667,0.667,0.667],"y":[1,1,1]},"o":{"x":[0.333,0.333,0.333],"y":[0,0,0]},"t":222,"s":[100,100,100]},{"i":{"x":[0.667,0.667,0.667],"y":[1.279,1,1]},"o":{"x":[0.333,0.333,0.333],"y":[0,0,0]},"t":232,"s":[100,4,100]},{"t":242,"s":[100,100,100]}],"ix":6}},"ao":0,"ip":0,"op":362,"st":0,"bm":0},{"ddd":0,"ind":2,"ty":2,"nm":"Eyes","parent":7,"refId":"image_1","sr":1,"ks":{"o":{"a":0,"k":100,"ix":11},"r":{"a":1,"k":[{"i":{"x":[0.667],"y":[1]},"o":{"x":[0.333],"y":[0]},"t":116,"s":[0]},{"i":{"x":[0.667],"y":[1]},"o":{"x":[0.333],"y":[0]},"t":126,"s":[-19]},{"i":{"x":[0.833],"y":[1]},"o":{"x":[0.167],"y":[0]},"t":136,"s":[0]},{"i":{"x":[0.667],"y":[1]},"o":{"x":[0.333],"y":[0]},"t":222,"s":[0]},{"i":{"x":[0.667],"y":[1]},"o":{"x":[0.333],"y":[0]},"t":232,"s":[-19]},{"t":242,"s":[0]}],"ix":10},"p":{"a":0,"k":[137.149,101.65,0],"ix":2},"a":{"a":0,"k":[18.05,18.05,0],"ix":1},"s":{"a":1,"k":[{"i":{"x":[0.667,0.667,0.667],"y":[1,1,1]},"o":{"x":[0.333,0.333,0.333],"y":[0,0,0]},"t":116,"s":[100,100,100]},{"i":{"x":[0.667,0.667,0.667],"y":[1,1,1]},"o":{"x":[0.333,0.333,0.333],"y":[0,0,0]},"t":126,"s":[100,4,100]},{"i":{"x":[0.833,0.833,0.833],"y":[1,1,1]},"o":{"x":[0.167,0.167,0.167],"y":[0,0,0]},"t":136,"s":[100,100,100]},{"i":{"x":[0.667,0.667,0.667],"y":[1,1,1]},"o":{"x":[0.333,0.333,0.333],"y":[0,0,0]},"t":222,"s":[100,100,100]},{"i":{"x":[0.667,0.667,0.667],"y":[1.279,1,1]},"o":{"x":[0.333,0.333,0.333],"y":[0,0,0]},"t":232,"s":[100,4,100]},{"t":242,"s":[100,100,100]}],"ix":6}},"ao":0,"ip":0,"op":362,"st":0,"bm":0},{"ddd":0,"ind":3,"ty":4,"nm":"Smile Outlines","parent":7,"sr":1,"ks":{"o":{"a":0,"k":100,"ix":11},"r":{"a":0,"k":0,"ix":10},"p":{"a":0,"k":[184.85,151.85,0],"ix":2},"a":{"a":0,"k":[41.05,33.75,0],"ix":1},"s":{"a":0,"k":[100,100,100],"ix":6}},"ao":0,"shapes":[{"ty":"gr","it":[{"ind":0,"ty":"sh","ix":1,"ks":{"a":1,"k":[{"i":{"x":0.667,"y":1},"o":{"x":0.333,"y":0},"t":126,"s":[{"i":[[24.434,-8.75],[18.084,3.8],[-6.799,-2.099],[-15.401,27.801],[-1.4,-5.3]],"o":[[0,0],[0,0],[0,0],[0,0],[0,-0.1]],"v":[[8.6,10.8],[-36.8,13.5],[-32.501,6],[28.9,-15.4],[34.6,-12.2]],"c":true}]},{"i":{"x":0.667,"y":1},"o":{"x":0.167,"y":0},"t":156,"s":[{"i":[[22.7,-13.8],[25,36],[-6.799,-2.099],[-15.401,27.801],[-1.4,-5.3]],"o":[[0,0],[0,0],[0,0],[0,0],[0,-0.1]],"v":[[18.1,17.8],[-38.3,-2.5],[-34.001,-10],[27.4,-31.4],[33.1,-28.2]],"c":true}]},{"i":{"x":0.667,"y":1},"o":{"x":0.333,"y":0},"t":176,"s":[{"i":[[22.7,-13.8],[25,36],[-6.799,-2.099],[-15.401,27.801],[-1.4,-5.3]],"o":[[0,0],[0,0],[0,0],[0,0],[0,-0.1]],"v":[[18.1,17.8],[-38.3,-2.5],[-34.001,-10],[27.4,-31.4],[33.1,-28.2]],"c":true}]},{"t":206,"s":[{"i":[[24.434,-8.75],[18.084,3.8],[-6.799,-2.099],[-15.401,27.801],[-1.4,-5.3]],"o":[[0,0],[0,0],[0,0],[0,0],[0,-0.1]],"v":[[8.6,10.8],[-36.8,13.5],[-32.501,6],[28.9,-15.4],[34.6,-12.2]],"c":true}]}],"ix":2},"nm":"Path 1","mn":"ADBE Vector Shape - Group","hd":false},{"ty":"fl","c":{"a":0,"k":[0.929000016755,0.419999994016,0.023999999551,1],"ix":4},"o":{"a":0,"k":100,"ix":5},"r":1,"bm":0,"nm":"Fill 1","mn":"ADBE Vector Graphic - Fill","hd":false},{"ty":"tr","p":{"a":0,"k":[41.05,33.75],"ix":2},"a":{"a":0,"k":[0,0],"ix":1},"s":{"a":0,"k":[100,100],"ix":3},"r":{"a":0,"k":0,"ix":6},"o":{"a":0,"k":100,"ix":7},"sk":{"a":0,"k":0,"ix":4},"sa":{"a":0,"k":0,"ix":5},"nm":"Transform"}],"nm":"Group 1","np":2,"cix":2,"bm":0,"ix":1,"mn":"ADBE Vector Group","hd":false}],"ip":0,"op":362,"st":0,"bm":0},{"ddd":0,"ind":5,"ty":2,"nm":"Headphone","parent":7,"refId":"image_2","sr":1,"ks":{"o":{"a":0,"k":100,"ix":11},"r":{"a":1,"k":[{"i":{"x":[0.667],"y":[1]},"o":{"x":[0.333],"y":[0]},"t":136,"s":[0]},{"i":{"x":[0.667],"y":[1]},"o":{"x":[0.333],"y":[0]},"t":156,"s":[-11]},{"i":{"x":[0.667],"y":[1]},"o":{"x":[0.333],"y":[0]},"t":186,"s":[-11]},{"t":206,"s":[0]}],"ix":10},"p":{"a":0,"k":[75.199,192.55,0],"ix":2},"a":{"a":0,"k":[4.1,3.65,0],"ix":1},"s":{"a":0,"k":[100,100,100],"ix":6}},"ao":0,"ip":0,"op":362,"st":0,"bm":0},{"ddd":0,"ind":6,"ty":2,"nm":"head 2","refId":"image_3","sr":1,"ks":{"o":{"a":0,"k":100,"ix":11},"r":{"a":0,"k":0,"ix":10},"p":{"a":1,"k":[{"i":{"x":0.667,"y":1},"o":{"x":0.333,"y":0},"t":10,"s":[311.895,285.85,0],"to":[0,-13.333,0],"ti":[0,0,0]},{"i":{"x":0.326,"y":1},"o":{"x":0.333,"y":0},"t":24,"s":[311.895,205.85,0],"to":[0,0,0],"ti":[0,-13.333,0]},{"t":36,"s":[311.895,285.85,0]}],"ix":2},"a":{"a":0,"k":[148.903,137.25,0],"ix":1},"s":{"a":1,"k":[{"i":{"x":[0.667,0.667,0.667],"y":[1,1,1]},"o":{"x":[0.333,0.333,0.333],"y":[0,0,0]},"t":10,"s":[100,100,100]},{"i":{"x":[0.667,0.667,0.667],"y":[1,1,1]},"o":{"x":[0.333,0.333,0.333],"y":[0,0,0]},"t":24,"s":[90,100,100]},{"t":36,"s":[100,100,100]}],"ix":6}},"ao":0,"ip":0,"op":362,"st":0,"bm":0},{"ddd":0,"ind":7,"ty":2,"nm":"head","refId":"image_3","sr":1,"ks":{"o":{"a":0,"k":100,"ix":11},"r":{"a":0,"k":0,"ix":10},"p":{"a":1,"k":[{"i":{"x":0.667,"y":1},"o":{"x":0.333,"y":0},"t":10,"s":[311.895,285.85,0],"to":[0,-13.333,0],"ti":[0,0,0]},{"i":{"x":0.326,"y":1},"o":{"x":0.333,"y":0},"t":24,"s":[311.895,205.85,0],"to":[0,0,0],"ti":[0,-13.333,0]},{"t":36,"s":[311.895,285.85,0]}],"ix":2},"a":{"a":0,"k":[148.903,137.25,0],"ix":1},"s":{"a":1,"k":[{"i":{"x":[0.667,0.667,0.667],"y":[1,1,1]},"o":{"x":[0.333,0.333,0.333],"y":[0,0,0]},"t":10,"s":[100,100,100]},{"i":{"x":[0.667,0.667,0.667],"y":[1,1,1]},"o":{"x":[0.333,0.333,0.333],"y":[0,0,0]},"t":24,"s":[90,100,100]},{"t":36,"s":[100,100,100]}],"ix":6}},"ao":0,"ip":0,"op":362,"st":0,"bm":0}]}],"layers":[{"ddd":0,"ind":1,"ty":0,"nm":"Main ","refId":"comp_0","sr":1,"ks":{"o":{"a":0,"k":100,"ix":11},"r":{"a":1,"k":[{"i":{"x":[0.357],"y":[1]},"o":{"x":[0.333],"y":[0]},"t":35,"s":[0]},{"i":{"x":[0.328],"y":[1]},"o":{"x":[0.333],"y":[0]},"t":58,"s":[10]},{"i":{"x":[0.311],"y":[1]},"o":{"x":[0.333],"y":[0]},"t":79,"s":[-5]},{"t":99,"s":[0]}],"ix":10},"p":{"a":0,"k":[196,364,0],"ix":2},"a":{"a":0,"k":[310,412,0],"ix":1},"s":{"a":0,"k":[100,100,100],"ix":6}},"ao":0,"w":600,"h":532,"ip":0,"op":364,"st":0,"bm":0}],"markers":[]}