{"v":"5.6.3","fr":60,"ip":0,"op":119,"w":210,"h":210,"nm":"megaphone loop","ddd":0,"assets":[{"id":"comp_0","layers":[{"ddd":0,"ind":1,"ty":0,"nm":"inner","parent":2,"refId":"comp_1","sr":1,"ks":{"o":{"a":0,"k":100,"ix":11},"r":{"a":0,"k":0,"ix":10},"p":{"a":0,"k":[132.5,93,0],"ix":2},"a":{"a":0,"k":[132.5,93,0],"ix":1},"s":{"a":1,"k":[{"i":{"x":[0.322,0.322,0.667],"y":[1,1,1]},"o":{"x":[0.067,0.067,0.333],"y":[0,0,0]},"t":0,"s":[88,88,100]},{"i":{"x":[0.318,0.318,0.667],"y":[1,1,1]},"o":{"x":[0.745,0.745,0.333],"y":[0,0,0]},"t":52,"s":[116,116,100]},{"i":{"x":[0.353,0.353,0.667],"y":[1,1,1]},"o":{"x":[0.548,0.548,0.333],"y":[0,0,0]},"t":70,"s":[100,100,100]},{"i":{"x":[0.667,0.667,0.667],"y":[1,1,1]},"o":{"x":[0.642,0.642,0.333],"y":[0,0,0]},"t":90,"s":[105,105,100]},{"i":{"x":[0.833,0.833,0.833],"y":[1,1,1]},"o":{"x":[0.333,0.333,0.333],"y":[0,0,0]},"t":106,"s":[100,100,100]},{"i":{"x":[0.196,0.196,0.667],"y":[1,1,1]},"o":{"x":[0.067,0.067,0.333],"y":[0,0,0]},"t":120,"s":[100,100,100]},{"i":{"x":[0.318,0.318,0.667],"y":[1,1,1]},"o":{"x":[0.745,0.745,0.333],"y":[0,0,0]},"t":138,"s":[116,116,100]},{"i":{"x":[0.353,0.353,0.667],"y":[1,1,1]},"o":{"x":[0.548,0.548,0.333],"y":[0,0,0]},"t":160,"s":[100,100,100]},{"i":{"x":[0.379,0.379,0.667],"y":[1,1,1]},"o":{"x":[0.642,0.642,0.333],"y":[0,0,0]},"t":180,"s":[105,105,100]},{"t":214,"s":[100,100,100]}],"ix":6}},"ao":0,"w":210,"h":210,"ip":0,"op":39600,"st":0,"bm":0},{"ddd":0,"ind":2,"ty":0,"nm":"base","parent":3,"refId":"comp_2","sr":1,"ks":{"o":{"a":0,"k":100,"ix":11},"r":{"a":0,"k":0,"ix":10},"p":{"a":0,"k":[58.5,118,0],"ix":2},"a":{"a":0,"k":[58.5,118,0],"ix":1},"s":{"a":0,"k":[100,100,100],"ix":6}},"ao":0,"w":210,"h":210,"ip":0,"op":39600,"st":0,"bm":0},{"ddd":0,"ind":3,"ty":0,"nm":"layer","parent":4,"refId":"comp_3","sr":1,"ks":{"o":{"a":0,"k":100,"ix":11},"r":{"a":0,"k":0,"ix":10},"p":{"a":0,"k":[46.5,124.5,0],"ix":2},"a":{"a":0,"k":[46.5,124.5,0],"ix":1},"s":{"a":1,"k":[{"i":{"x":[0.689,0.689,0.667],"y":[1,1,1]},"o":{"x":[0.333,0.333,0.333],"y":[0,0,0]},"t":0,"s":[88,88,100]},{"i":{"x":[0.318,0.318,0.667],"y":[1,1,1]},"o":{"x":[0.745,0.745,0.333],"y":[0,0,0]},"t":44,"s":[116,116,100]},{"i":{"x":[0.353,0.353,0.667],"y":[1,1,1]},"o":{"x":[0.548,0.548,0.333],"y":[0,0,0]},"t":62,"s":[97,97,100]},{"i":{"x":[0.667,0.667,0.667],"y":[1,1,1]},"o":{"x":[0.642,0.642,0.333],"y":[0,0,0]},"t":82,"s":[105,105,100]},{"i":{"x":[0.667,0.667,0.667],"y":[1,1,1]},"o":{"x":[0.333,0.333,0.333],"y":[0,0,0]},"t":106,"s":[97,97,100]},{"i":{"x":[0.411,0.411,0.667],"y":[1,1,1]},"o":{"x":[0.333,0.333,0.333],"y":[0,0,0]},"t":120,"s":[100,100,100]},{"i":{"x":[0.318,0.318,0.667],"y":[1,1,1]},"o":{"x":[0.745,0.745,0.333],"y":[0,0,0]},"t":134,"s":[116,116,100]},{"i":{"x":[0.353,0.353,0.667],"y":[1,1,1]},"o":{"x":[0.548,0.548,0.333],"y":[0,0,0]},"t":152,"s":[97,97,100]},{"i":{"x":[0.667,0.667,0.667],"y":[1,1,1]},"o":{"x":[0.642,0.642,0.333],"y":[0,0,0]},"t":172,"s":[105,105,100]},{"i":{"x":[0.361,0.361,0.667],"y":[1,1,1]},"o":{"x":[0.333,0.333,0.333],"y":[0,0,0]},"t":196,"s":[97,97,100]},{"t":228,"s":[100,100,100]}],"ix":6}},"ao":0,"w":210,"h":210,"ip":0,"op":39600,"st":0,"bm":0},{"ddd":0,"ind":4,"ty":0,"nm":"handle","refId":"comp_4","sr":1,"ks":{"o":{"a":0,"k":100,"ix":11},"r":{"a":1,"k":[{"i":{"x":[0.384],"y":[1]},"o":{"x":[0.087],"y":[0]},"t":0,"s":[-157]},{"i":{"x":[0.71],"y":[1]},"o":{"x":[0.4],"y":[0]},"t":40,"s":[10]},{"i":{"x":[0.564],"y":[1]},"o":{"x":[0.18],"y":[0]},"t":60,"s":[-5]},{"i":{"x":[0.399],"y":[1]},"o":{"x":[0.404],"y":[0]},"t":80,"s":[3]},{"i":{"x":[0.833],"y":[1]},"o":{"x":[0.333],"y":[0]},"t":100,"s":[0]},{"i":{"x":[0.341],"y":[1]},"o":{"x":[0.167],"y":[0]},"t":120,"s":[0]},{"i":{"x":[0.833],"y":[1]},"o":{"x":[0.333],"y":[0]},"t":146,"s":[-9]},{"t":220,"s":[0]}],"ix":10},"p":{"s":true,"x":{"a":1,"k":[{"i":{"x":[0.667],"y":[1]},"o":{"x":[0.333],"y":[0]},"t":0,"s":[82]},{"i":{"x":[0.667],"y":[1]},"o":{"x":[0.333],"y":[0]},"t":32,"s":[102]},{"i":{"x":[0.667],"y":[1]},"o":{"x":[0.163],"y":[0]},"t":54,"s":[88]},{"i":{"x":[0.667],"y":[1]},"o":{"x":[0.333],"y":[0]},"t":86,"s":[97.763]},{"i":{"x":[0.833],"y":[1]},"o":{"x":[0.333],"y":[0]},"t":110,"s":[94]},{"i":{"x":[0.341],"y":[1]},"o":{"x":[0.167],"y":[0]},"t":120,"s":[94]},{"i":{"x":[0.506],"y":[1]},"o":{"x":[0.533],"y":[0]},"t":146,"s":[84]},{"i":{"x":[0.265],"y":[1]},"o":{"x":[0.333],"y":[0]},"t":176,"s":[102]},{"t":220,"s":[94]}],"ix":3},"y":{"a":1,"k":[{"i":{"x":[0.981],"y":[0.833]},"o":{"x":[0.019],"y":[0.167]},"t":0,"s":[161.5]},{"t":32,"s":[150]}],"ix":4}},"a":{"a":0,"k":[94,150,0],"ix":1},"s":{"a":0,"k":[100,100,100],"ix":6}},"ao":0,"w":210,"h":210,"ip":0,"op":39600,"st":0,"bm":0}]},{"id":"comp_1","layers":[{"ddd":0,"ind":1,"ty":4,"nm":"inner 2","td":1,"sr":1,"ks":{"o":{"a":0,"k":100,"ix":11},"r":{"a":0,"k":0,"ix":10},"p":{"a":0,"k":[105,105,0],"ix":2},"a":{"a":0,"k":[0,0,0],"ix":1},"s":{"a":0,"k":[100,100,100],"ix":6}},"ao":0,"shapes":[{"ty":"gr","it":[{"ind":0,"ty":"sh","ix":1,"ks":{"a":0,"k":{"i":[[8.223,-3.036],[-9.644,-26.882],[-8.223,3.036],[9.644,26.882]],"o":[[-8.223,3.036],[9.644,26.882],[8.223,-3.037],[-9.644,-26.882]],"v":[[85.997,-60.346],[88.57,-6.175],[120.921,37.001],[118.349,-17.171]],"c":true},"ix":2},"nm":"Path 1","mn":"ADBE Vector Shape - Group","hd":false},{"ty":"fl","c":{"a":0,"k":[0.925490196078,0.474509803922,0.388235294118,1],"ix":4},"o":{"a":0,"k":100,"ix":5},"r":1,"bm":0,"nm":"Fill 1","mn":"ADBE Vector Graphic - Fill","hd":false},{"ty":"tr","p":{"a":0,"k":[-66.463,-5.334],"ix":2},"a":{"a":0,"k":[0,0],"ix":1},"s":{"a":0,"k":[100,100],"ix":3},"r":{"a":0,"k":0,"ix":6},"o":{"a":0,"k":100,"ix":7},"sk":{"a":0,"k":0,"ix":4},"sa":{"a":0,"k":0,"ix":5},"nm":"Transform"}],"nm":"Path","np":3,"cix":2,"bm":0,"ix":1,"mn":"ADBE Vector Group","hd":false}],"ip":0,"op":39600,"st":0,"bm":0},{"ddd":0,"ind":2,"ty":4,"nm":"speaker","tt":1,"sr":1,"ks":{"o":{"a":0,"k":100,"ix":11},"r":{"a":0,"k":0,"ix":10},"p":{"a":0,"k":[105,105,0],"ix":2},"a":{"a":0,"k":[0,0,0],"ix":1},"s":{"a":0,"k":[100,100,100],"ix":6}},"ao":0,"shapes":[{"ty":"gr","it":[{"ind":0,"ty":"sh","ix":1,"ks":{"a":0,"k":{"i":[[6.743,-2.453],[-2.454,-6.741],[-6.743,2.454],[2.454,6.741]],"o":[[-6.743,2.454],[2.454,6.741],[6.743,-2.453],[-2.454,-6.741]],"v":[[87.012,-17.846],[79.247,-1.198],[95.9,6.565],[103.665,-10.083]],"c":true},"ix":2},"nm":"Path 1","mn":"ADBE Vector Shape - Group","hd":false},{"ty":"fl","c":{"a":0,"k":[0.921568627451,0.929411764706,0.933333333333,1],"ix":4},"o":{"a":0,"k":100,"ix":5},"r":1,"bm":0,"nm":"Fill 1","mn":"ADBE Vector Graphic - Fill","hd":false},{"ty":"tr","p":{"a":0,"k":[-66.463,-5.334],"ix":2},"a":{"a":0,"k":[0,0],"ix":1},"s":{"a":0,"k":[100,100],"ix":3},"r":{"a":0,"k":0,"ix":6},"o":{"a":0,"k":100,"ix":7},"sk":{"a":0,"k":0,"ix":4},"sa":{"a":0,"k":0,"ix":5},"nm":"Transform"}],"nm":"Path","np":3,"cix":2,"bm":0,"ix":1,"mn":"ADBE Vector Group","hd":false}],"ip":0,"op":39600,"st":0,"bm":0},{"ddd":0,"ind":3,"ty":4,"nm":"inner","sr":1,"ks":{"o":{"a":0,"k":100,"ix":11},"r":{"a":0,"k":0,"ix":10},"p":{"a":0,"k":[105,105,0],"ix":2},"a":{"a":0,"k":[0,0,0],"ix":1},"s":{"a":0,"k":[100,100,100],"ix":6}},"ao":0,"shapes":[{"ty":"gr","it":[{"ind":0,"ty":"sh","ix":1,"ks":{"a":0,"k":{"i":[[8.223,-3.036],[-9.644,-26.882],[-8.223,3.036],[9.644,26.882]],"o":[[-8.223,3.036],[9.644,26.882],[8.223,-3.037],[-9.644,-26.882]],"v":[[85.997,-60.346],[88.57,-6.175],[120.921,37.001],[118.349,-17.171]],"c":true},"ix":2},"nm":"Path 1","mn":"ADBE Vector Shape - Group","hd":false},{"ty":"fl","c":{"a":0,"k":[0.925490196078,0.474509803922,0.388235294118,1],"ix":4},"o":{"a":0,"k":100,"ix":5},"r":1,"bm":0,"nm":"Fill 1","mn":"ADBE Vector Graphic - Fill","hd":false},{"ty":"tr","p":{"a":0,"k":[-66.463,-5.334],"ix":2},"a":{"a":0,"k":[0,0],"ix":1},"s":{"a":0,"k":[100,100],"ix":3},"r":{"a":0,"k":0,"ix":6},"o":{"a":0,"k":100,"ix":7},"sk":{"a":0,"k":0,"ix":4},"sa":{"a":0,"k":0,"ix":5},"nm":"Transform"}],"nm":"Path","np":3,"cix":2,"bm":0,"ix":1,"mn":"ADBE Vector Group","hd":false}],"ip":0,"op":39600,"st":0,"bm":0}]},{"id":"comp_2","layers":[{"ddd":0,"ind":1,"ty":4,"nm":"base 2","td":1,"sr":1,"ks":{"o":{"a":0,"k":100,"ix":11},"r":{"a":0,"k":0,"ix":10},"p":{"a":0,"k":[105,105,0],"ix":2},"a":{"a":0,"k":[0,0,0],"ix":1},"s":{"a":0,"k":[100,100,100],"ix":6}},"ao":0,"shapes":[{"ty":"gr","it":[{"ind":0,"ty":"sh","ix":1,"ks":{"a":0,"k":{"i":[[-2.623,0.936],[0,0],[-7.543,11.055],[-0.607,0.608],[-8.922,-24.027],[-6.844,2.442],[4.098,1.169],[42.895,-15.303],[4.43,11.93]],"o":[[0,0],[42.891,-15.302],[0.841,-1.237],[-4.509,5.831],[9.908,26.683],[0,0],[-13.016,-3.72],[-2.623,0.936],[-4.436,-11.935]],"v":[[17.743,-5.917],[17.722,-5.975],[80.662,-55.992],[82.845,-58.693],[90.16,-7.311],[120.486,36.579],[114.883,36.294],[33.792,37.298],[21.029,17.388]],"c":true},"ix":2},"nm":"Path 1","mn":"ADBE Vector Shape - Group","hd":false},{"ty":"fl","c":{"a":0,"k":[0.349019607843,0.572549019608,0.741176470588,1],"ix":4},"o":{"a":0,"k":100,"ix":5},"r":1,"bm":0,"nm":"Fill 1","mn":"ADBE Vector Graphic - Fill","hd":false},{"ty":"tr","p":{"a":0,"k":[-66.463,-5.334],"ix":2},"a":{"a":0,"k":[0,0],"ix":1},"s":{"a":0,"k":[100,100],"ix":3},"r":{"a":0,"k":0,"ix":6},"o":{"a":0,"k":100,"ix":7},"sk":{"a":0,"k":0,"ix":4},"sa":{"a":0,"k":0,"ix":5},"nm":"Transform"}],"nm":"Path","np":3,"cix":2,"bm":0,"ix":1,"mn":"ADBE Vector Group","hd":false}],"ip":0,"op":39600,"st":0,"bm":0},{"ddd":0,"ind":2,"ty":4,"nm":"highlight","tt":1,"sr":1,"ks":{"o":{"a":0,"k":100,"ix":11},"r":{"a":0,"k":0,"ix":10},"p":{"a":0,"k":[105,105,0],"ix":2},"a":{"a":0,"k":[0,0,0],"ix":1},"s":{"a":0,"k":[100,100,100],"ix":6}},"ao":0,"shapes":[{"ty":"gr","it":[{"ind":0,"ty":"sh","ix":1,"ks":{"a":0,"k":{"i":[[43.315,-15.403],[0,0],[-0.323,-3.38],[0,0],[-7.855,11.906],[-1.508,1.943],[0.85,-1.245]],"o":[[0,0],[-1.155,0.411],[0,0],[40.274,-14.321],[-0.082,-4.924],[-0.613,0.612],[-7.618,11.127]],"v":[[18.307,-5.903],[18.329,-5.843],[17.13,0.179],[20.106,-0.582],[81.979,-48.398],[84.075,-58.967],[81.871,-56.249]],"c":true},"ix":2},"nm":"Path 1","mn":"ADBE Vector Shape - Group","hd":false},{"ty":"fl","c":{"a":0,"k":[0.925490196078,0.717647058824,0.4,1],"ix":4},"o":{"a":0,"k":100,"ix":5},"r":1,"bm":0,"nm":"Fill 1","mn":"ADBE Vector Graphic - Fill","hd":false},{"ty":"tr","p":{"a":0,"k":[-66.463,-5.334],"ix":2},"a":{"a":0,"k":[0,0],"ix":1},"s":{"a":0,"k":[100,100],"ix":3},"r":{"a":0,"k":0,"ix":6},"o":{"a":0,"k":100,"ix":7},"sk":{"a":0,"k":0,"ix":4},"sa":{"a":0,"k":0,"ix":5},"nm":"Transform"}],"nm":"Path","np":3,"cix":2,"bm":0,"ix":1,"mn":"ADBE Vector Group","hd":false}],"ip":0,"op":39600,"st":0,"bm":0},{"ddd":0,"ind":3,"ty":4,"nm":"base","sr":1,"ks":{"o":{"a":0,"k":100,"ix":11},"r":{"a":0,"k":0,"ix":10},"p":{"a":0,"k":[105,105,0],"ix":2},"a":{"a":0,"k":[0,0,0],"ix":1},"s":{"a":0,"k":[100,100,100],"ix":6}},"ao":0,"shapes":[{"ty":"gr","it":[{"ind":0,"ty":"sh","ix":1,"ks":{"a":0,"k":{"i":[[-2.623,0.936],[0,0],[-7.543,11.055],[-0.607,0.608],[-8.922,-24.027],[-6.844,2.442],[4.098,1.169],[42.895,-15.303],[4.43,11.93]],"o":[[0,0],[42.891,-15.302],[0.841,-1.237],[-4.509,5.831],[9.908,26.683],[0,0],[-13.016,-3.72],[-2.623,0.936],[-4.436,-11.935]],"v":[[17.743,-5.917],[17.722,-5.975],[80.662,-55.992],[82.845,-58.693],[90.16,-7.311],[120.486,36.579],[114.883,36.294],[33.792,37.298],[21.029,17.388]],"c":true},"ix":2},"nm":"Path 1","mn":"ADBE Vector Shape - Group","hd":false},{"ty":"fl","c":{"a":0,"k":[0.96862745098,0.819607843137,0.466666666667,1],"ix":4},"o":{"a":0,"k":100,"ix":5},"r":1,"bm":0,"nm":"Fill 1","mn":"ADBE Vector Graphic - Fill","hd":false},{"ty":"tr","p":{"a":0,"k":[-66.463,-5.334],"ix":2},"a":{"a":0,"k":[0,0],"ix":1},"s":{"a":0,"k":[100,100],"ix":3},"r":{"a":0,"k":0,"ix":6},"o":{"a":0,"k":100,"ix":7},"sk":{"a":0,"k":0,"ix":4},"sa":{"a":0,"k":0,"ix":5},"nm":"Transform"}],"nm":"Path","np":3,"cix":2,"bm":0,"ix":1,"mn":"ADBE Vector Group","hd":false}],"ip":0,"op":39600,"st":0,"bm":0}]},{"id":"comp_3","layers":[{"ddd":0,"ind":1,"ty":4,"nm":"layer 2","td":1,"sr":1,"ks":{"o":{"a":0,"k":100,"ix":11},"r":{"a":0,"k":0,"ix":10},"p":{"a":0,"k":[105,105,0],"ix":2},"a":{"a":0,"k":[0,0,0],"ix":1},"s":{"a":0,"k":[100,100,100],"ix":6}},"ao":0,"shapes":[{"ty":"gr","it":[{"ind":0,"ty":"sh","ix":1,"ks":{"a":0,"k":{"i":[[-7.412,2.673],[0,0],[-3.263,-8.88],[-3.003,-3.663],[0,0],[0,0],[4.21,11.46]],"o":[[0,0],[0.057,4.716],[3.242,8.824],[0,0],[0,0],[-7.414,2.674],[-4.212,-11.464]],"v":[[14.24,-2.737],[25.211,-6.693],[30.382,14.998],[40.44,34.824],[40.446,34.84],[29.497,38.788],[8.449,22.867]],"c":true},"ix":2},"nm":"Path 1","mn":"ADBE Vector Shape - Group","hd":false},{"ty":"fl","c":{"a":0,"k":[0.243137254902,0.305882352941,0.360784313725,1],"ix":4},"o":{"a":0,"k":100,"ix":5},"r":1,"bm":0,"nm":"Fill 1","mn":"ADBE Vector Graphic - Fill","hd":false},{"ty":"tr","p":{"a":0,"k":[-66.463,-5.334],"ix":2},"a":{"a":0,"k":[0,0],"ix":1},"s":{"a":0,"k":[100,100],"ix":3},"r":{"a":0,"k":0,"ix":6},"o":{"a":0,"k":100,"ix":7},"sk":{"a":0,"k":0,"ix":4},"sa":{"a":0,"k":0,"ix":5},"nm":"Transform"}],"nm":"Path","np":3,"cix":2,"bm":0,"ix":1,"mn":"ADBE Vector Group","hd":false}],"ip":0,"op":39600,"st":0,"bm":0},{"ddd":0,"ind":2,"ty":4,"nm":"shadow","tt":1,"sr":1,"ks":{"o":{"a":0,"k":100,"ix":11},"r":{"a":0,"k":0,"ix":10},"p":{"a":0,"k":[105,105,0],"ix":2},"a":{"a":0,"k":[0,0,0],"ix":1},"s":{"a":0,"k":[100,100,100],"ix":6}},"ao":0,"shapes":[{"ty":"gr","it":[{"ind":0,"ty":"sh","ix":1,"ks":{"a":0,"k":{"i":[[-2.577,0.919],[0,0],[0,0],[0,0],[3.285,-1.171],[4.456,11.994]],"o":[[0,0],[2.682,-0.956],[0,0],[0,0],[-2.577,0.919],[-4.462,-11.998]],"v":[[15.05,-5.015],[15.028,-5.074],[22.716,-8.043],[40.735,35.37],[31.192,38.429],[18.464,18.374]],"c":true},"ix":2},"nm":"Path 1","mn":"ADBE Vector Shape - Group","hd":false},{"ty":"fl","c":{"a":0,"k":[0,0,0,1],"ix":4},"o":{"a":0,"k":100,"ix":5},"r":1,"bm":0,"nm":"Fill 1","mn":"ADBE Vector Graphic - Fill","hd":false},{"ty":"tr","p":{"a":0,"k":[-66.463,-5.334],"ix":2},"a":{"a":0,"k":[0,0],"ix":1},"s":{"a":0,"k":[100,100],"ix":3},"r":{"a":0,"k":0,"ix":6},"o":{"a":0,"k":100,"ix":7},"sk":{"a":0,"k":0,"ix":4},"sa":{"a":0,"k":0,"ix":5},"nm":"Transform"}],"nm":"Path","np":3,"cix":2,"bm":0,"ix":1,"mn":"ADBE Vector Group","hd":false}],"ip":0,"op":39600,"st":0,"bm":0},{"ddd":0,"ind":3,"ty":4,"nm":"layer","sr":1,"ks":{"o":{"a":0,"k":100,"ix":11},"r":{"a":0,"k":0,"ix":10},"p":{"a":0,"k":[105,105,0],"ix":2},"a":{"a":0,"k":[0,0,0],"ix":1},"s":{"a":0,"k":[100,100,100],"ix":6}},"ao":0,"shapes":[{"ty":"gr","it":[{"ind":0,"ty":"sh","ix":1,"ks":{"a":0,"k":{"i":[[-7.412,2.673],[0,0],[-3.263,-8.88],[-3.003,-3.663],[0,0],[0,0],[4.21,11.46]],"o":[[0,0],[0.057,4.716],[3.242,8.824],[0,0],[0,0],[-7.414,2.674],[-4.212,-11.464]],"v":[[14.24,-2.737],[25.211,-6.693],[30.382,14.998],[40.44,34.824],[40.446,34.84],[29.497,38.788],[8.449,22.867]],"c":true},"ix":2},"nm":"Path 1","mn":"ADBE Vector Shape - Group","hd":false},{"ty":"fl","c":{"a":0,"k":[0.219607843137,0.290196078431,0.356862745098,1],"ix":4},"o":{"a":0,"k":100,"ix":5},"r":1,"bm":0,"nm":"Fill 1","mn":"ADBE Vector Graphic - Fill","hd":false},{"ty":"tr","p":{"a":0,"k":[-66.463,-5.334],"ix":2},"a":{"a":0,"k":[0,0],"ix":1},"s":{"a":0,"k":[100,100],"ix":3},"r":{"a":0,"k":0,"ix":6},"o":{"a":0,"k":100,"ix":7},"sk":{"a":0,"k":0,"ix":4},"sa":{"a":0,"k":0,"ix":5},"nm":"Transform"}],"nm":"Path","np":3,"cix":2,"bm":0,"ix":1,"mn":"ADBE Vector Group","hd":false}],"ip":0,"op":39600,"st":0,"bm":0}]},{"id":"comp_4","layers":[{"ddd":0,"ind":1,"ty":4,"nm":"handle 2","td":1,"sr":1,"ks":{"o":{"a":0,"k":100,"ix":11},"r":{"a":0,"k":0,"ix":10},"p":{"a":0,"k":[105,105,0],"ix":2},"a":{"a":0,"k":[0,0,0],"ix":1},"s":{"a":0,"k":[100,100,100],"ix":6}},"ao":0,"shapes":[{"ty":"gr","it":[{"ind":0,"ty":"sh","ix":1,"ks":{"a":0,"k":{"i":[[0,0],[0,0],[-1.043,-7.926],[-1.208,-3.323],[-1.204,-3.313],[-1.205,-3.315],[0,0],[5.025,0.841]],"o":[[0,0],[2.311,6.357],[0.395,2.999],[1.202,3.307],[1.207,3.321],[0.931,2.561],[0,0],[-6.997,-1.178]],"v":[[42.459,31.905],[63.452,25.345],[61.224,41.653],[65.149,47.128],[65.494,55.236],[72.248,60.544],[69.984,66.129],[57.879,73.298]],"c":true},"ix":2},"nm":"Path 1","mn":"ADBE Vector Shape - Group","hd":false},{"ty":"fl","c":{"a":0,"k":[0.243137254902,0.305882352941,0.360784313725,1],"ix":4},"o":{"a":0,"k":100,"ix":5},"r":1,"bm":0,"nm":"Fill 1","mn":"ADBE Vector Graphic - Fill","hd":false},{"ty":"tr","p":{"a":0,"k":[-66.463,-5.334],"ix":2},"a":{"a":0,"k":[0,0],"ix":1},"s":{"a":0,"k":[100,100],"ix":3},"r":{"a":0,"k":0,"ix":6},"o":{"a":0,"k":100,"ix":7},"sk":{"a":0,"k":0,"ix":4},"sa":{"a":0,"k":0,"ix":5},"nm":"Transform"}],"nm":"Path","np":3,"cix":2,"bm":0,"ix":1,"mn":"ADBE Vector Group","hd":false}],"ip":0,"op":39600,"st":0,"bm":0},{"ddd":0,"ind":2,"ty":4,"nm":"shadow","tt":1,"sr":1,"ks":{"o":{"a":0,"k":100,"ix":11},"r":{"a":0,"k":0,"ix":10},"p":{"a":0,"k":[105,105,0],"ix":2},"a":{"a":0,"k":[0,0,0],"ix":1},"s":{"a":0,"k":[100,100,100],"ix":6}},"ao":0,"shapes":[{"ty":"gr","it":[{"ind":0,"ty":"sh","ix":1,"ks":{"a":0,"k":{"i":[[0,0],[0,0],[0,0]],"o":[[0,0],[0,0],[0,0]],"v":[[76.178,22.791],[38.387,31.673],[65.706,44.154]],"c":true},"ix":2},"nm":"Path 1","mn":"ADBE Vector Shape - Group","hd":false},{"ty":"fl","c":{"a":0,"k":[0,0,0,1],"ix":4},"o":{"a":0,"k":100,"ix":5},"r":1,"bm":0,"nm":"Fill 1","mn":"ADBE Vector Graphic - Fill","hd":false},{"ty":"tr","p":{"a":0,"k":[-66.463,-5.334],"ix":2},"a":{"a":0,"k":[0,0],"ix":1},"s":{"a":0,"k":[100,100],"ix":3},"r":{"a":0,"k":0,"ix":6},"o":{"a":0,"k":100,"ix":7},"sk":{"a":0,"k":0,"ix":4},"sa":{"a":0,"k":0,"ix":5},"nm":"Transform"}],"nm":"Path","np":3,"cix":2,"bm":0,"ix":1,"mn":"ADBE Vector Group","hd":false}],"ip":0,"op":39600,"st":0,"bm":0},{"ddd":0,"ind":3,"ty":4,"nm":"handle","sr":1,"ks":{"o":{"a":0,"k":100,"ix":11},"r":{"a":0,"k":0,"ix":10},"p":{"a":0,"k":[105,105,0],"ix":2},"a":{"a":0,"k":[0,0,0],"ix":1},"s":{"a":0,"k":[100,100,100],"ix":6}},"ao":0,"shapes":[{"ty":"gr","it":[{"ind":0,"ty":"sh","ix":1,"ks":{"a":0,"k":{"i":[[0,0],[0,0],[-1.043,-7.926],[-1.208,-3.323],[-1.204,-3.313],[-1.205,-3.315],[0,0],[5.025,0.841]],"o":[[0,0],[2.311,6.357],[0.395,2.999],[1.202,3.307],[1.207,3.321],[0.931,2.561],[0,0],[-6.997,-1.178]],"v":[[42.459,31.905],[63.452,25.345],[61.224,41.653],[65.149,47.128],[65.494,55.236],[72.248,60.544],[69.984,66.129],[57.879,73.298]],"c":true},"ix":2},"nm":"Path 1","mn":"ADBE Vector Shape - Group","hd":false},{"ty":"fl","c":{"a":0,"k":[0.219607843137,0.290196078431,0.356862745098,1],"ix":4},"o":{"a":0,"k":100,"ix":5},"r":1,"bm":0,"nm":"Fill 1","mn":"ADBE Vector Graphic - Fill","hd":false},{"ty":"tr","p":{"a":0,"k":[-66.463,-5.334],"ix":2},"a":{"a":0,"k":[0,0],"ix":1},"s":{"a":0,"k":[100,100],"ix":3},"r":{"a":0,"k":0,"ix":6},"o":{"a":0,"k":100,"ix":7},"sk":{"a":0,"k":0,"ix":4},"sa":{"a":0,"k":0,"ix":5},"nm":"Transform"}],"nm":"Path","np":3,"cix":2,"bm":0,"ix":1,"mn":"ADBE Vector Group","hd":false}],"ip":0,"op":39600,"st":0,"bm":0}]}],"layers":[{"ddd":0,"ind":1,"ty":4,"nm":"round base 2","td":1,"sr":1,"ks":{"o":{"a":0,"k":100,"ix":11},"r":{"a":0,"k":0,"ix":10},"p":{"a":0,"k":[105,105,0],"ix":2},"a":{"a":0,"k":[0,0,0],"ix":1},"s":{"a":0,"k":[100,100,100],"ix":6}},"ao":0,"shapes":[{"ty":"gr","it":[{"ind":0,"ty":"sh","ix":1,"ks":{"a":0,"k":{"i":[[55.228,0],[0,-55.227],[-55.229,0],[0,55.23]],"o":[[-55.229,0],[0,55.23],[55.228,0],[0,-55.227]],"v":[[66.463,-94.664],[-33.537,5.335],[66.463,105.336],[166.463,5.335]],"c":true},"ix":2},"nm":"Path 1","mn":"ADBE Vector Shape - Group","hd":false},{"ty":"fl","c":{"a":0,"k":[0.937254901961,0.780392156863,0.36862745098,1],"ix":4},"o":{"a":0,"k":100,"ix":5},"r":1,"bm":0,"nm":"Fill 1","mn":"ADBE Vector Graphic - Fill","hd":false},{"ty":"tr","p":{"a":0,"k":[-66.463,-5.334],"ix":2},"a":{"a":0,"k":[0,0],"ix":1},"s":{"a":0,"k":[100,100],"ix":3},"r":{"a":0,"k":0,"ix":6},"o":{"a":0,"k":100,"ix":7},"sk":{"a":0,"k":0,"ix":4},"sa":{"a":0,"k":0,"ix":5},"nm":"Transform"}],"nm":"Path","np":3,"cix":2,"bm":0,"ix":1,"mn":"ADBE Vector Group","hd":false}],"ip":0,"op":124,"st":0,"bm":0},{"ddd":0,"ind":2,"ty":0,"nm":"megaphone_i","tt":1,"refId":"comp_0","sr":1,"ks":{"o":{"a":0,"k":100,"ix":11},"r":{"a":0,"k":0,"ix":10},"p":{"a":0,"k":[105,105,0],"ix":2},"a":{"a":0,"k":[105,105,0],"ix":1},"s":{"a":0,"k":[100,100,100],"ix":6}},"ao":0,"w":210,"h":210,"ip":-120,"op":124,"st":-120,"bm":0},{"ddd":0,"ind":3,"ty":4,"nm":"round base 4","sr":1,"ks":{"o":{"a":1,"k":[{"i":{"x":[0.833],"y":[0.833]},"o":{"x":[0.167],"y":[0.167]},"t":20,"s":[100]},{"t":60,"s":[0]}],"ix":11},"r":{"a":0,"k":0,"ix":10},"p":{"a":0,"k":[105,105,0],"ix":2},"a":{"a":0,"k":[0,0,0],"ix":1},"s":{"a":1,"k":[{"i":{"x":[0.298,0.298,0.667],"y":[0.971,0.971,1]},"o":{"x":[0.426,0.426,0.333],"y":[0,0,0]},"t":10,"s":[21,21,100]},{"t":60,"s":[100,100,100]}],"ix":6}},"ao":0,"shapes":[{"ty":"gr","it":[{"ind":0,"ty":"sh","ix":1,"ks":{"a":0,"k":{"i":[[55.228,0],[0,-55.227],[-55.229,0],[0,55.23]],"o":[[-55.229,0],[0,55.23],[55.228,0],[0,-55.227]],"v":[[66.463,-94.664],[-33.537,5.335],[66.463,105.336],[166.463,5.335]],"c":true},"ix":2},"nm":"Path 1","mn":"ADBE Vector Shape - Group","hd":false},{"ty":"st","c":{"a":0,"k":[0.854901960784,0.36862745098,0.23137254902,1],"ix":3},"o":{"a":0,"k":100,"ix":4},"w":{"a":0,"k":10,"ix":5},"lc":1,"lj":1,"ml":4,"bm":0,"nm":"Stroke 1","mn":"ADBE Vector Graphic - Stroke","hd":false},{"ty":"tr","p":{"a":0,"k":[-66.463,-5.334],"ix":2},"a":{"a":0,"k":[0,0],"ix":1},"s":{"a":0,"k":[100,100],"ix":3},"r":{"a":0,"k":0,"ix":6},"o":{"a":0,"k":100,"ix":7},"sk":{"a":0,"k":0,"ix":4},"sa":{"a":0,"k":0,"ix":5},"nm":"Transform"}],"nm":"Path","np":3,"cix":2,"bm":0,"ix":1,"mn":"ADBE Vector Group","hd":false}],"ip":10,"op":84,"st":0,"bm":0},{"ddd":0,"ind":4,"ty":4,"nm":"round base 3","sr":1,"ks":{"o":{"a":1,"k":[{"i":{"x":[0.833],"y":[0.833]},"o":{"x":[0.167],"y":[0.167]},"t":30,"s":[100]},{"t":70,"s":[0]}],"ix":11},"r":{"a":0,"k":0,"ix":10},"p":{"a":0,"k":[105,105,0],"ix":2},"a":{"a":0,"k":[0,0,0],"ix":1},"s":{"a":1,"k":[{"i":{"x":[0.298,0.298,0.667],"y":[0.971,0.971,1]},"o":{"x":[0.426,0.426,0.333],"y":[0,0,0]},"t":20,"s":[21,21,100]},{"t":70,"s":[100,100,100]}],"ix":6}},"ao":0,"shapes":[{"ty":"gr","it":[{"ind":0,"ty":"sh","ix":1,"ks":{"a":0,"k":{"i":[[55.228,0],[0,-55.227],[-55.229,0],[0,55.23]],"o":[[-55.229,0],[0,55.23],[55.228,0],[0,-55.227]],"v":[[66.463,-94.664],[-33.537,5.335],[66.463,105.336],[166.463,5.335]],"c":true},"ix":2},"nm":"Path 1","mn":"ADBE Vector Shape - Group","hd":false},{"ty":"st","c":{"a":0,"k":[0.854901960784,0.36862745098,0.23137254902,1],"ix":3},"o":{"a":0,"k":100,"ix":4},"w":{"a":0,"k":10,"ix":5},"lc":1,"lj":1,"ml":4,"bm":0,"nm":"Stroke 1","mn":"ADBE Vector Graphic - Stroke","hd":false},{"ty":"tr","p":{"a":0,"k":[-66.463,-5.334],"ix":2},"a":{"a":0,"k":[0,0],"ix":1},"s":{"a":0,"k":[100,100],"ix":3},"r":{"a":0,"k":0,"ix":6},"o":{"a":0,"k":100,"ix":7},"sk":{"a":0,"k":0,"ix":4},"sa":{"a":0,"k":0,"ix":5},"nm":"Transform"}],"nm":"Path","np":3,"cix":2,"bm":0,"ix":1,"mn":"ADBE Vector Group","hd":false}],"ip":20,"op":84,"st":10,"bm":0},{"ddd":0,"ind":5,"ty":4,"nm":"round base","sr":1,"ks":{"o":{"a":0,"k":100,"ix":11},"r":{"a":0,"k":0,"ix":10},"p":{"a":0,"k":[105,105,0],"ix":2},"a":{"a":0,"k":[0,0,0],"ix":1},"s":{"a":0,"k":[100,100,100],"ix":6}},"ao":0,"shapes":[{"ty":"gr","it":[{"ind":0,"ty":"sh","ix":1,"ks":{"a":0,"k":{"i":[[55.228,0],[0,-55.227],[-55.229,0],[0,55.23]],"o":[[-55.229,0],[0,55.23],[55.228,0],[0,-55.227]],"v":[[66.463,-94.664],[-33.537,5.335],[66.463,105.336],[166.463,5.335]],"c":true},"ix":2},"nm":"Path 1","mn":"ADBE Vector Shape - Group","hd":false},{"ty":"st","c":{"a":0,"k":[0.854901960784,0.36862745098,0.23137254902,1],"ix":3},"o":{"a":0,"k":100,"ix":4},"w":{"a":0,"k":4,"ix":5},"lc":1,"lj":1,"ml":4,"bm":0,"nm":"Stroke 1","mn":"ADBE Vector Graphic - Stroke","hd":false},{"ty":"tr","p":{"a":0,"k":[-66.463,-5.334],"ix":2},"a":{"a":0,"k":[0,0],"ix":1},"s":{"a":0,"k":[100,100],"ix":3},"r":{"a":0,"k":0,"ix":6},"o":{"a":0,"k":100,"ix":7},"sk":{"a":0,"k":0,"ix":4},"sa":{"a":0,"k":0,"ix":5},"nm":"Transform"}],"nm":"Path","np":3,"cix":2,"bm":0,"ix":1,"mn":"ADBE Vector Group","hd":false}],"ip":0,"op":127,"st":0,"bm":0}],"markers":[]}